taxon,region,season,part,species,grid_units,spearman,median_absolute_difference
bird,north,"","",AMRO,89,0.914334354783793,0.0045059319526291
bird,north,"","",YEWA,89,0.985342185903984,0.0056219561479154
bird,south,"","",AMRO,17,0.941176470588235,0.0041633429827389
bird,south,"","",YEWA,17,0.948529411764706,0.0182708517448599
bryophyte,north,"","",Bryum.All,43,0.941965300401545,0.0079235035767633
bryophyte,north,"","",Ceratodon.purpureus,43,0.957421016743693,0.007562873229779
bryophyte,south,"","",Bryum.All,16,0.955882352941176,0.0054615344594325
bryophyte,south,"","",Ceratodon.purpureus,16,0.997058823529412,0.00364637570802135
lichen,north,"","",Cladonia.chlorophaea,43,0.945904992802485,0.031749292791541
lichen,north,"","",Physcia.adscendens,43,0.980756117887719,0.0827843883077536
lichen,south,"","",Cladonia.chlorophaea,16,0.882352941176471,0.0320775702380878
lichen,south,"","",Physcia.adscendens,16,0.955882352941176,0.00822499086530675
mite,north,"","",Ceratozetes.gracilis,43,0.992575195090537,0.006634774688347
mite,north,"","",Trhypochthonius.tectorum,43,0.91044776119403,0.0050861271852064
mite,south,"","",Ceratozetes.gracilis,16,0.858823529411765,0.00236272301951765
mite,south,"","",Trhypochthonius.tectorum,16,0.976470588235294,0.00481353207621055
vascular_plant,north,"","",Galium.boreale,43,0.986059549965907,0.034587657498138
vascular_plant,north,"","",Vicia.americana,43,0.997120994014698,0.032531808970894
vascular_plant,south,"","",Galium.boreale,16,0.991176470588235,0.00534703424256875
vascular_plant,south,"","",Vicia.americana,16,0.997058823529412,0.00553094497460875
