taxon,run,region,season,part,species,grid_unit,n,median,p10,p90,boot1
bird,bird,north,,,AMRO,SpruceR,5,0.0450306010335692,0.044571725544185,0.0474530097305696,0.0444732303912678
bird,bird,north,,,AMRO,Spruce1,5,0.0369049864408053,0.0354477266615211,0.0380662303850037,0.0369049864408053
bird,bird,north,,,AMRO,Spruce2,5,0.0344734330871671,0.032591110474184,0.0353233803281887,0.0344734330871671
bird,bird,north,,,AMRO,Spruce3,5,0.0311838058329295,0.0295688166054224,0.0321000103612484,0.0315921740962619
bird,bird,north,,,AMRO,Spruce4,5,0.029155374544378,0.0279225316056106,0.0299175123617578,0.0297602746935337
bird,bird,north,,,AMRO,Spruce5,5,0.0277796587789024,0.0268756245636124,0.0283007702983259,0.0284371830806022
bird,bird,north,,,AMRO,Spruce6,5,0.0266226209468198,0.0261467555083038,0.0271693456179282,0.0274216371517897
bird,bird,north,,,AMRO,Spruce7,5,0.0260602636053119,0.0251895913485928,0.0265437982486813,0.0266140570852783
bird,bird,north,,,AMRO,Spruce8,5,0.0255150965109921,0.0242881502062906,0.0262587777387366,0.0259572541830633
bird,bird,north,,,AMRO,PineR,5,0.0575770770538387,0.0538048481530726,0.0599204937226142,0.0536510345662382
bird,bird,north,,,AMRO,Pine1,5,0.0455851175396193,0.044872781131998,0.0466957376398946,0.044520955320371
bird,bird,north,,,AMRO,Pine2,5,0.0420729073522447,0.041590013003567,0.0431860530017518,0.041587609757704
bird,bird,north,,,AMRO,Pine3,5,0.0381900752503732,0.0378791497315541,0.0390046706245211,0.0381117541844669
bird,bird,north,,,AMRO,Pine4,5,0.0359249289090252,0.0358029354802995,0.0363205477604043,0.0359018113196702
bird,bird,north,,,AMRO,Pine5,5,0.0344241617073655,0.0339510682208461,0.0347267842965087,0.034305677347949
bird,bird,north,,,AMRO,Pine6,5,0.0333777733977502,0.0322979031730474,0.0338441623438736,0.0330805563200639
bird,bird,north,,,AMRO,Pine7,5,0.0326356964846518,0.0309027180634981,0.033336804794813,0.0321063184317383
bird,bird,north,,,AMRO,Pine8,5,0.0319574676153442,0.0296987458736407,0.0331424980340867,0.0313139731287341
bird,bird,north,,,AMRO,DecidR,5,0.0252018762511246,0.0244619502584976,0.0255568492291211,0.0252018762511246
bird,bird,north,,,AMRO,Decid1,5,0.0335884716457358,0.032689171267138,0.033968480466957,0.0333769631758176
bird,bird,north,,,AMRO,Decid2,5,0.0355512452128433,0.0345710960681771,0.0358539881023548,0.0351807774115782
bird,bird,north,,,AMRO,Decid3,5,0.0360411283306339,0.0351592945209957,0.0363073085797116,0.0355591338528808
bird,bird,north,,,AMRO,Decid4,5,0.034543893742064,0.0338983051606382,0.0348464191698872,0.0340820843609406
bird,bird,north,,,AMRO,Decid5,5,0.0321609611805336,0.0317880457661548,0.0325285867886383,0.0317803598135471
bird,bird,north,,,AMRO,Decid6,5,0.029412613194709,0.0292274118671895,0.0298309545192382,0.0291178751372939
bird,bird,north,,,AMRO,Decid7,5,0.0267870744463485,0.0264121259306585,0.0270452897321424,0.0263475022321454
bird,bird,north,,,AMRO,Decid8,5,0.0240135764059459,0.0236383354339827,0.0243472924044383,0.0236162738600671
bird,bird,north,,,AMRO,MixedwoodR,5,0.0259362674984067,0.0252294734619135,0.0266079674335463,0.0268492331714843
bird,bird,north,,,AMRO,Mixedwood1,5,0.0345392369907384,0.0335997436692334,0.0354778712935079,0.0355586964214057
bird,bird,north,,,AMRO,Mixedwood2,5,0.0364717349519842,0.0355504711742028,0.0374573442854081,0.0374804195713563
bird,bird,north,,,AMRO,Mixedwood3,5,0.036940858007879,0.0361810697062966,0.0379164448505339,0.0378835078261054
bird,bird,north,,,AMRO,Mixedwood4,5,0.0354497384144614,0.0349040538265609,0.0363413741235071,0.036309908867847
bird,bird,north,,,AMRO,Mixedwood5,5,0.0330813576042224,0.0327350942531992,0.0338562277616714,0.0338577287819798
bird,bird,north,,,AMRO,Mixedwood6,5,0.0303258809799204,0.0301282056676619,0.0309883056387911,0.0310212069621
bird,bird,north,,,AMRO,Mixedwood7,5,0.0276983344953053,0.0272834932176787,0.0280036666357688,0.0280697446439334
bird,bird,north,,,AMRO,Mixedwood8,5,0.0249175374276715,0.0244725490786662,0.025119214718372,0.0251599855975912
bird,bird,north,,,AMRO,TreedBogR,5,0.0327292446027415,0.0310258296669675,0.046339541897051,0.0300077319293345
bird,bird,north,,,AMRO,TreedBog1,5,0.0434496454510686,0.0293790297197476,0.0446696296500574,0.0397417618281698
bird,bird,north,,,AMRO,TreedBog2,5,0.0460568397524793,0.0277125593407982,0.0471928903574085,0.0418895532663015
bird,bird,north,,,AMRO,TreedBog3,5,0.0470383711450926,0.0265284501931942,0.0478066647599357,0.042340060147266
bird,bird,north,,,AMRO,TreedBog4,5,0.0453444013570792,0.0260712546897049,0.0459361029407942,0.0405813456468515
bird,bird,north,,,AMRO,TreedBog5,5,0.0422164201490629,0.0260895197651126,0.043031812968299,0.0378406952085624
bird,bird,north,,,AMRO,TreedBog6,5,0.0385813429271065,0.0267179133745422,0.0396200944364367,0.0346704897193024
bird,bird,north,,,AMRO,TreedBog7,5,0.0347973952285992,0.0281946869289196,0.0360690723928872,0.0313718223243192
bird,bird,north,,,AMRO,TreedBog8,5,0.0321686860956519,0.0293008768081094,0.03272145756867,0.0281197641041118
bird,bird,north,,,AMRO,TreedFenR,5,0.041392481969325,0.0394777931125241,0.0607255147275816,0.039094822157232
bird,bird,north,,,AMRO,TreedFen1,5,0.0534591991728007,0.0383776325214105,0.057933763966192,0.0517765592729963
bird,bird,north,,,AMRO,TreedFen2,5,0.0566670163596698,0.0361874249519384,0.0612484039648646,0.0545747555679486
bird,bird,north,,,AMRO,TreedFen3,5,0.057874664469737,0.0346344265412988,0.0620626881077254,0.0551616871772215
bird,bird,north,,,AMRO,TreedFen4,5,0.0560220420127772,0.0340406422875781,0.0595170985403775,0.0528703900281746
bird,bird,north,,,AMRO,TreedFen5,5,0.0526109358389695,0.0340728620559019,0.055524724946571,0.0492998022299241
bird,bird,north,,,AMRO,TreedFen6,5,0.048261533306927,0.0349058824828052,0.0509767093532865,0.0451695793894787
bird,bird,north,,,AMRO,TreedFen7,5,0.0437196360965119,0.0368509938915961,0.0462001721318392,0.0408719931718193
bird,bird,north,,,AMRO,TreedFen8,5,0.0403107684230099,0.0376732287163421,0.0425703710963361,0.0366351305504331
bird,bird,north,,,AMRO,GrassHerb,5,0.0371256973606207,0.0359580073120721,0.0381375696101985,0.0386266935457576
bird,bird,north,,,AMRO,Shrub,5,0.0330756260069349,0.0320139887948401,0.0336828747763024,0.0331819431905013
bird,bird,north,,,AMRO,GraminoidFen,5,0.0247177613416937,0.0242271033503161,0.0268557722625418,0.024168029936823
bird,bird,north,,,AMRO,Marsh,5,0.0193701289185875,0.0184253134754564,0.0219494052041053,0.020352828135632
bird,bird,north,,,AMRO,RoughP,5,0.0265372818353795,0.0251477121094877,0.0269637067187881,0.0255711198380556
bird,bird,north,,,AMRO,TameP,5,0.0330575493104984,0.0320130232760746,0.0347368830052408,0.0350171315133072
bird,bird,north,,,AMRO,Crop,5,0.02807659058865,0.0277614011130861,0.0291120212936105,0.0290263196746749
bird,bird,north,,,AMRO,Industrial,5,0.0393659241708082,0.0372587982862676,0.039808432216979,0.0393659241708082
bird,bird,north,,,AMRO,Mine,5,0.0493178763992183,0.0453376334014803,0.0531615190534469,0.0493178763992183
bird,bird,north,,,AMRO,Rural,5,0.0455273859657732,0.0435777215325513,0.045828239618108,0.0458842207211444
bird,bird,north,,,AMRO,Urban,5,0.0419600379202085,0.0391235420791781,0.0441577354096199,0.0385992213816763
bird,bird,north,,,AMRO,CCSpruceR,5,0.0558357621193879,0.0539620846872051,0.0576525658561066,0.0549309230606425
bird,bird,north,,,AMRO,CCSpruce1,5,0.0441634723294924,0.0434720589358612,0.0448660206997173,0.0448809438427601
bird,bird,north,,,AMRO,CCSpruce2,5,0.0393027278563411,0.0383422157219434,0.0404675025787087,0.0403047302330232
bird,bird,north,,,AMRO,CCSpruce3,5,0.0327994645032277,0.0315339973286662,0.0338940629483135,0.0336087958502303
bird,bird,north,,,AMRO,CCSpruce4,5,0.0295449871659099,0.0284004511809817,0.0303484708124987,0.0302481792868563
bird,bird,north,,,AMRO,CCPineR,5,0.0713276012510373,0.0648935793540777,0.0733406581969425,0.0662668492024038
bird,bird,north,,,AMRO,CCPine1,5,0.0553144189026634,0.0539438837936989,0.0558221592684679,0.0541428865924277
bird,bird,north,,,AMRO,CCPine2,5,0.0488752064730688,0.0486494492055619,0.0494415430345936,0.0486222938133906
bird,bird,north,,,AMRO,CCPine3,5,0.0407568253692303,0.0403452222510076,0.0410087371253334,0.0405445399856628
bird,bird,north,,,AMRO,CCPine4,5,0.0364976196146396,0.0364013470282191,0.0368206550076597,0.0364904032877167
bird,bird,north,,,AMRO,CCDecidR,5,0.0301501346602357,0.0297627205373979,0.0316423215749299,0.0311279912242709
bird,bird,north,,,AMRO,CCDecid1,5,0.0385749137936479,0.0385074456932607,0.0401836160614351,0.0395078884399461
bird,bird,north,,,AMRO,CCDecid2,5,0.0389392412272624,0.0386137727786782,0.0399857214504753,0.0393307884464912
bird,bird,north,,,AMRO,CCDecid3,5,0.036976928307573,0.0363260019089999,0.0374082096393738,0.0367036206000337
bird,bird,north,,,AMRO,CCDecid4,5,0.0349030707581111,0.0343438993312635,0.035263963769853,0.0345166978075922
bird,bird,north,,,AMRO,CCMixedwoodR,5,0.0311843531555516,0.0308596319454893,0.032695518823591,0.0331627171807524
bird,bird,north,,,AMRO,CCMixedwood1,5,0.0405748180173994,0.0395863786103405,0.0415127015634363,0.0420903784411594
bird,bird,north,,,AMRO,CCMixedwood2,5,0.0404343655780943,0.0397132366851991,0.0415366524382917,0.0419017020516891
bird,bird,north,,,AMRO,CCMixedwood3,5,0.0378886983782135,0.0373971627799961,0.0390345981314523,0.0391028055970247
bird,bird,north,,,AMRO,CCMixedwood4,5,0.0358108078121927,0.035368690258796,0.0367599331679755,0.0367729314480841
bird,bird,north,,,AMRO,ShrubbySwamp,5,0.0309380929530988,0.0305595770162317,0.0333403421915389,0.0309380929530988
bird,bird,north,,,AMRO,ShrubbyBog,5,0.0311768130991629,2.53942646229331e-06,0.0950089692027342,0.10025698273071
bird,bird,north,,,AMRO,ShrubbyFen,5,0.021559870005797,0.0186965927618169,0.0220392395402607,0.0186170779350886
bird,bird,north,,,AMRO,TreedSwamp,5,0.017575609032917,0.0160761095775931,0.0181535884010063,0.0161624219817385
bird,bird,north,,,YEWA,SpruceR,5,0.0367572798053502,0.0341055299504178,0.038707942647361,0.0355328583090363
bird,bird,north,,,YEWA,Spruce1,5,0.0316259186996796,0.0309555128890867,0.0341550777898595,0.031293520025165
bird,bird,north,,,YEWA,Spruce2,5,0.0282660242075625,0.027382234716967,0.0300960970121501,0.0275300505899205
bird,bird,north,,,YEWA,Spruce3,5,0.0213817425977471,0.0207764753451668,0.0240556204282854,0.0212371948632942
bird,bird,north,,,YEWA,Spruce4,5,0.0163117505612501,0.0157631768483898,0.0189013384217116,0.0163117505612501
bird,bird,north,,,YEWA,Spruce5,5,0.0124743311359287,0.0120336756903989,0.0145522098971786,0.0124743311359287
bird,bird,north,,,YEWA,Spruce6,5,0.00949832974019732,0.00926948315950662,0.0109651201694659,0.00949832974019732
bird,bird,north,,,YEWA,Spruce7,5,0.00721627174091202,0.00719324279888033,0.008075689738709,0.00720096157277882
bird,bird,north,,,YEWA,Spruce8,5,0.00570092052922977,0.00548614717152713,0.00583394820566021,0.00543559413734789
bird,bird,north,,,YEWA,PineR,5,0.0242184745215459,0.0195080608387248,0.0250541277791329,0.0242184745215459
bird,bird,north,,,YEWA,Pine1,5,0.0213290276517442,0.017829012402674,0.0215741207028999,0.0213290276517442
bird,bird,north,,,YEWA,Pine2,5,0.0184937643195764,0.0161869189129315,0.0187395561869485,0.0187639233238746
bird,bird,north,,,YEWA,Pine3,5,0.0138578383912828,0.0129998011829166,0.0142976050504877,0.0144748406737376
bird,bird,north,,,YEWA,Pine4,5,0.0106402812586339,0.010100107453278,0.0109735983058322,0.011117757877333
bird,bird,north,,,YEWA,Pine5,5,0.00815520833173646,0.00769520535698271,0.00844744658563061,0.00850225073821286
bird,bird,north,,,YEWA,Pine6,5,0.0063085916060275,0.00582698272194181,0.00641139387624851,0.00647386863194483
bird,bird,north,,,YEWA,Pine7,5,0.00465871691295771,0.00436837164543369,0.00493126985088173,0.00490802915048983
bird,bird,north,,,YEWA,Pine8,5,0.00360480321976679,0.00315132145955147,0.00383088130391455,0.00370479056258039
bird,bird,north,,,YEWA,DecidR,5,0.079995814061574,0.0769605434824128,0.0850967983292718,0.079995814061574
bird,bird,north,,,YEWA,Decid1,5,0.0903380382934353,0.0869067232191482,0.0953287285016954,0.0903380382934353
bird,bird,north,,,YEWA,Decid2,5,0.0995341164552507,0.0957367843732218,0.104227909678306,0.0995341164552507
bird,bird,north,,,YEWA,Decid3,5,0.112219501820509,0.107852602210229,0.1158374375809,0.112219501820509
bird,bird,north,,,YEWA,Decid4,5,0.11402414720434,0.110026705773509,0.117064135238781,0.114645331518343
bird,bird,north,,,YEWA,Decid5,5,0.104694853815161,0.10150447480515,0.107602596525843,0.106129490653997
bird,bird,north,,,YEWA,Decid6,5,0.0867646872628975,0.08491739832239,0.0897677835291108,0.0890240714891304
bird,bird,north,,,YEWA,Decid7,5,0.0648922995849895,0.0644290342563012,0.0679688116717525,0.0676659982036025
bird,bird,north,,,YEWA,Decid8,5,0.0446363237650192,0.0437953149070192,0.0467073256695869,0.0466042153493005
bird,bird,north,,,YEWA,MixedwoodR,5,0.0383891155991594,0.0374674429646435,0.0410259152252722,0.0383891155991594
bird,bird,north,,,YEWA,Mixedwood1,5,0.0433522358104713,0.0423080132861376,0.0460130368758883,0.0433522358104713
bird,bird,north,,,YEWA,Mixedwood2,5,0.0477653330675491,0.0466052584274416,0.050358850016108,0.0477653330675491
bird,bird,north,,,YEWA,Mixedwood3,5,0.0538529106604458,0.0525014049255744,0.056050300285319,0.0538529106604458
bird,bird,north,,,YEWA,Mixedwood4,5,0.0550170397812813,0.053559529261408,0.0565662973088049,0.0550170397812813
bird,bird,north,,,YEWA,Mixedwood5,5,0.0508399197395948,0.0494800057134559,0.0517982578302953,0.0509303809579364
bird,bird,north,,,YEWA,Mixedwood6,5,0.0422618945414964,0.0413970999160487,0.0431315708474242,0.0427216775226953
bird,bird,north,,,YEWA,Mixedwood7,5,0.0319178790535977,0.0313281598572462,0.0325322692125466,0.0324721719210353
bird,bird,north,,,YEWA,Mixedwood8,5,0.0219008032956106,0.0213626951128278,0.0222727518225707,0.0223648528543671
bird,bird,north,,,YEWA,TreedBogR,5,0.0134437565548244,0.0127330041369964,0.0177195061739771,0.0153413316623009
bird,bird,north,,,YEWA,TreedBog1,5,0.0152717509634018,0.0143149518055577,0.0198783356167138,0.0173247290928807
bird,bird,north,,,YEWA,TreedBog2,5,0.0169022360116829,0.0157047272761886,0.021767221975489,0.0190883224349556
bird,bird,north,,,YEWA,TreedBog3,5,0.0191476826491807,0.017565387449865,0.0242731151279662,0.0215210835292139
bird,bird,north,,,YEWA,TreedBog4,5,0.0195450514255811,0.0178163586339242,0.0245700434562337,0.0219863010957492
bird,bird,north,,,YEWA,TreedBog5,5,0.0179765336139994,0.0163879256867039,0.0225752716850921,0.0203531614044306
bird,bird,north,,,YEWA,TreedBog6,5,0.0148978508518034,0.0136705730901961,0.0188277086710174,0.0170727409010664
bird,bird,north,,,YEWA,TreedBog7,5,0.0111247389864847,0.0103424869228293,0.0142525378169471,0.0129767605077822
bird,bird,north,,,YEWA,TreedBog8,5,0.00751677210399456,0.00708414706202263,0.00979291735238801,0.00893760170981683
bird,bird,north,,,YEWA,TreedFenR,5,0.0281648223647082,0.0209758129677249,0.029311879638463,0.0281648223647082
bird,bird,north,,,YEWA,TreedFen1,5,0.0318060992460478,0.0235840201967198,0.0330913987114431,0.0318060992460478
bird,bird,north,,,YEWA,TreedFen2,5,0.0347584920977932,0.0258798188594928,0.036542763331323,0.0350438425069657
bird,bird,north,,,YEWA,TreedFen3,5,0.0385285053879006,0.0289722985046187,0.0413217207081671,0.0395100965182738
bird,bird,north,,,YEWA,TreedFen4,5,0.0388011282068827,0.0294299908263146,0.0421929182463301,0.0403641794890895
bird,bird,north,,,YEWA,TreedFen5,5,0.0355015653233373,0.0271264425447751,0.0389032916785662,0.0373659332927849
bird,bird,north,,,YEWA,TreedFen6,5,0.0295115219976326,0.0226884627441325,0.0323914195241825,0.0313434795193721
bird,bird,north,,,YEWA,TreedFen7,5,0.0222882859376581,0.0172204554750494,0.0243551898876511,0.0238237568039273
bird,bird,north,,,YEWA,TreedFen8,5,0.0152933522085627,0.0118613233746333,0.0165387236096846,0.0164083516388661
bird,bird,north,,,YEWA,GrassHerb,5,0.0802836786989502,0.0795287355207288,0.0862465391862733,0.0790412932282508
bird,bird,north,,,YEWA,Shrub,5,0.041782755940795,0.0410113928303673,0.0451673938443427,0.041782755940795
bird,bird,north,,,YEWA,GraminoidFen,5,0.0550886568771179,0.0477079306422831,0.0598057124402735,0.0550886568771179
bird,bird,north,,,YEWA,Marsh,5,0.0608131274278961,0.0593822424469885,0.0662609283596842,0.0584828822046217
bird,bird,north,,,YEWA,RoughP,5,0.0648606709310505,0.064173747140704,0.066827386320451,0.0639576905047648
bird,bird,north,,,YEWA,TameP,5,0.0473366546747388,0.0423227012841368,0.0480359807286109,0.0473366546747388
bird,bird,north,,,YEWA,Crop,5,0.0560125795444514,0.0553293575725306,0.058859823339486,0.0578503523220757
bird,bird,north,,,YEWA,Industrial,5,0.0229305935028794,0.0195960434990188,0.0310021005423718,0.0179089966805184
bird,bird,north,,,YEWA,Mine,5,0.0350784986969313,0.0297506776744703,0.0518710430703768,0.0506365143271511
bird,bird,north,,,YEWA,Rural,5,0.0695811953334875,0.0694104751733446,0.0792452570429543,0.0695636813949621
bird,bird,north,,,YEWA,Urban,5,0.0228895244544648,0.022123241483597,0.0282576648219082,0.0218425009327041
bird,bird,north,,,YEWA,CCSpruceR,5,0.0226750882206096,0.0206227152383262,0.0248333552645425,0.0202994437908492
bird,bird,north,,,YEWA,CCSpruce1,5,0.0211187818124099,0.0192670195755631,0.0220657169124125,0.0186285753488761
bird,bird,north,,,YEWA,CCSpruce2,5,0.0202373408472251,0.018819961637627,0.0210232204774445,0.0181919379142952
bird,bird,north,,,YEWA,CCSpruce3,5,0.0189846248953531,0.0180188758569354,0.0207400218558154,0.0180241740407853
bird,bird,north,,,YEWA,CCSpruce4,5,0.0156289959875875,0.0152551727827782,0.0181795616097978,0.015623499906958
bird,bird,north,,,YEWA,CCPineR,5,0.0138356885892631,0.0119080420027828,0.0164503687042776,0.0138356885892631
bird,bird,north,,,YEWA,CCPine1,5,0.0126968585959413,0.01122503761181,0.0146132935265518,0.0126968585959413
bird,bird,north,,,YEWA,CCPine2,5,0.0123992553890003,0.0111428014372548,0.0136364825455614,0.0123992553890003
bird,bird,north,,,YEWA,CCPine3,5,0.0122849109402397,0.0112151849061931,0.0123314166366251,0.0122849109402397
bird,bird,north,,,YEWA,CCPine4,5,0.010289114941869,0.00972981539396672,0.0105451070895499,0.0106486602103105
bird,bird,north,,,YEWA,CCDecidR,5,0.0484304104372555,0.0465174820752366,0.0550961425602118,0.0457005320799982
bird,bird,north,,,YEWA,CCDecid1,5,0.0598470602158345,0.058524671205765,0.0673885214152555,0.057772155286431
bird,bird,north,,,YEWA,CCDecid2,5,0.0759672964532725,0.0740307082304135,0.0827651032328641,0.0740612221753056
bird,bird,north,,,YEWA,CCDecid3,5,0.104029645311698,0.100376664128204,0.108313203771721,0.103180216671241
bird,bird,north,,,YEWA,CCDecid4,5,0.110858146764504,0.106922991084111,0.113849767606103,0.110858146764504
bird,bird,north,,,YEWA,CCMixedwoodR,5,0.0239642905030341,0.0226505418193658,0.0260812500527858,0.0219311851444096
bird,bird,north,,,YEWA,CCMixedwood1,5,0.0300399038273747,0.0283259577674626,0.0319050649884758,0.0277242249950265
bird,bird,north,,,YEWA,CCMixedwood2,5,0.0377149611413974,0.0358299241060057,0.0393576975738322,0.0355411699081457
bird,bird,north,,,YEWA,CCMixedwood3,5,0.0503774477789108,0.0487656494596741,0.0520967082731699,0.0495150566539614
bird,bird,north,,,YEWA,CCMixedwood4,5,0.0534801450498838,0.0520358909329982,0.0549341742216507,0.0531996112693525
bird,bird,north,,,YEWA,ShrubbySwamp,5,0.086597539800951,0.084055029237436,0.0909795835768917,0.0826099062325901
bird,bird,north,,,YEWA,ShrubbyBog,5,5.22864620129351e-06,4.79456387775674e-06,6.01541502822778e-06,5.00374737318726e-06
bird,bird,north,,,YEWA,ShrubbyFen,5,0.0456263828230286,0.04225503139066,0.0547836897172858,0.0536267940761029
bird,bird,north,,,YEWA,TreedSwamp,5,0.0449124831485375,0.0445730709929603,0.0475671631330189,0.0454886673359079
bird,bird,south,,,AMRO,Loamy,5,0.0291922912510665,0.0281644138383775,0.0296124547592108,0.0274902201149451
bird,bird,south,,,AMRO,Blowout,5,0.00667198173709311,0.0060128085269059,0.00688172308242794,0.00667198173709311
bird,bird,south,,,AMRO,ClaySub,5,0.0295587836896161,0.0277441790614316,0.031239737654479,0.0307952642599971
bird,bird,south,,,AMRO,Crop,5,0.0258687210141929,0.0252260478188873,0.0261275938373897,0.0250482675299361
bird,bird,south,,,AMRO,Industrial,5,0.029940246172213,0.0254957147432293,0.0334457363668366,0.0248524332035774
bird,bird,south,,,AMRO,Mine,5,0.0185499067877044,0.0172724537686133,0.0318063459558871,0.0185499067877044
bird,bird,south,,,AMRO,Other,5,0.0188307309327604,0.0152565993015167,0.0237857617757627,0.0235084279470756
bird,bird,south,,,AMRO,RapidDrain,5,0.0277828212599136,0.0268493146818108,0.0289236033371655,0.0277828212599136
bird,bird,south,,,AMRO,RoughP,5,0.0142479032315455,0.0126470444300615,0.0146419546169455,0.0126819880435036
bird,bird,south,,,AMRO,Rural,5,0.0503092131493802,0.0479039708505735,0.0513481701958057,0.0478267043313275
bird,bird,south,,,AMRO,SandyLoam,5,0.0186085280919187,0.0179686231161396,0.0192748672388384,0.0178285135772958
bird,bird,south,,,AMRO,SoilUnknown,5,0.0287604463028414,0.027066847135705,0.0296773643792734,0.026739961074574
bird,bird,south,,,AMRO,TameP,5,0.0293346373236641,0.0284429796142141,0.0298498516962281,0.0299140169785546
bird,bird,south,,,AMRO,ThinBreak,5,0.0380144217456129,0.0373400347480435,0.043882119155875,0.0371377373002769
bird,bird,south,,,AMRO,Urban,5,0.0618760821930239,0.0583441539584977,0.063550035982972,0.0561688758598976
bird,bird,south,,,AMRO,Water,5,0.0282556179599498,0.0255536345813971,0.0509554858358808,0.0568206896317378
bird,bird,south,,,AMRO,Wellsites,5,0.0467600892027461,0.0153517351358807,0.0489636898395014,0.0499077453687576
bird,bird,south,,,YEWA,Loamy,5,0.134526409958102,0.126405513689408,0.136680555958092,0.134526409958102
bird,bird,south,,,YEWA,Blowout,5,0.0535495298463814,0.051248307858084,0.0549239598093458,0.0536483274206612
bird,bird,south,,,YEWA,ClaySub,5,0.106527151318807,0.101383783908728,0.11159053911593,0.105591694461995
bird,bird,south,,,YEWA,Crop,5,0.0659967427172584,0.0619595016340135,0.0663954272814431,0.06629563562839
bird,bird,south,,,YEWA,Industrial,5,0.0662203315149881,0.0501934217109474,0.0922445646152326,0.0410989813526814
bird,bird,south,,,YEWA,Mine,5,0.152555685598947,0.134075821491524,0.196437019860849,0.179960603667866
bird,bird,south,,,YEWA,Other,5,0.109185121251093,0.0993364014740049,0.122598872228397,0.127485109835406
bird,bird,south,,,YEWA,RapidDrain,5,0.0778169714301954,0.0708273100518306,0.0821794142839099,0.0725172020709401
bird,bird,south,,,YEWA,RoughP,5,0.066045108387413,0.062045264761855,0.0702840662372563,0.0643409160027002
bird,bird,south,,,YEWA,Rural,5,0.0952302923581463,0.0921419589336165,0.100610490646613,0.0947780071844017
bird,bird,south,,,YEWA,SandyLoam,5,0.0715893150069139,0.0610031838903591,0.075320230847346,0.0648495147153949
bird,bird,south,,,YEWA,SoilUnknown,5,0.100532258227308,0.0976688148980104,0.102789806865784,0.0978502498242738
bird,bird,south,,,YEWA,TameP,5,0.0595828575915241,0.0570391407691305,0.0698608591684353,0.065747915905378
bird,bird,south,,,YEWA,ThinBreak,5,0.225031423469922,0.221484029295082,0.22870234576568,0.221050448552718
bird,bird,south,,,YEWA,Urban,5,0.0733188366605843,0.065512492441444,0.0755163882129746,0.0733188366605843
bird,bird,south,,,YEWA,Water,5,5.83955050155696e-07,4.51125775799348e-07,1.24094045655262e-06,6.69890288890188e-07
bird,bird,south,,,YEWA,Wellsites,5,1.19484544293603e-05,9.33681348617776e-06,0.54439487438398,0.618361300864748
bryophyte,bryophyte,north,,,Bryum.All,WhiteSpruce,5,0.110415973677831,0.0993226062654867,0.114939468404023,0.115215376996505
bryophyte,bryophyte,north,,,Bryum.All,Pine,5,0.0732712185712904,0.0676816737140383,0.0754950530580033,0.0735478149583182
bryophyte,bryophyte,north,,,Bryum.All,Deciduous,5,0.0982993258115714,0.091555777644929,0.101778999244279,0.101538830121272
bryophyte,bryophyte,north,,,Bryum.All,Mixedwood,5,0.0970830453814964,0.0950873276235255,0.10519765727931,0.105175687714993
bryophyte,bryophyte,north,,,Bryum.All,BlackSpruce,5,0.0900972913978518,0.0802198655797255,0.104879861064367,0.0900972913978518
bryophyte,bryophyte,north,,,Bryum.All,TreedFen,5,0.111826552448623,0.0961384431787617,0.121644036418605,0.111826552448623
bryophyte,bryophyte,north,,,Bryum.All,TreedSwamp,5,0.153975146225378,0.140864399624763,0.168732755030284,0.162677396367447
bryophyte,bryophyte,north,,,Bryum.All,GraminoidFen,5,0.111519656127773,0.0958594026332456,0.120688812796236,0.111519656127773
bryophyte,bryophyte,north,,,Bryum.All,ShrubbyFen,5,0.116787360885845,0.102577321252262,0.127115475225946,0.116787360885845
bryophyte,bryophyte,north,,,Bryum.All,ShrubbyBog,5,0.0921347089686784,0.0816597558441945,0.106022759898265,0.0921347089686784
bryophyte,bryophyte,north,,,Bryum.All,ShrubbySwamp,5,0.152523733089979,0.145395948157023,0.160559274769321,0.161397445151754
bryophyte,bryophyte,north,,,Bryum.All,Marsh,5,0.124337741226101,0.108680728116929,0.125797969145284,0.125098644300504
bryophyte,bryophyte,north,,,Bryum.All,Shrub,5,0.235718817098737,0.220825952340946,0.269697088833143,0.235718817098737
bryophyte,bryophyte,north,,,Bryum.All,Grass,5,0.242421923187829,0.221768939953578,0.262943186856921,0.242421923187829
bryophyte,bryophyte,north,,,Bryum.All,CCWhiteSpruceR,5,0.174432259925114,0.145425901518285,0.203026922961719,0.174432259925114
bryophyte,bryophyte,north,,,Bryum.All,CCWhiteSpruce1,5,0.174070170275431,0.167251223908436,0.207046652146925,0.187418065959538
bryophyte,bryophyte,north,,,Bryum.All,CCWhiteSpruce2,5,0.198030551545983,0.171997119664378,0.218326463919521,0.202539400112526
bryophyte,bryophyte,north,,,Bryum.All,CCWhiteSpruce3,5,0.198030551545983,0.171997119664378,0.218326463919521,0.202539400112526
bryophyte,bryophyte,north,,,Bryum.All,CCWhiteSpruce4,5,0.198030551545983,0.171997119664378,0.218326463919521,0.202539400112526
bryophyte,bryophyte,north,,,Bryum.All,CCPineR,5,0.164989039877247,0.141345997878962,0.186530505888224,0.164989039877247
bryophyte,bryophyte,north,,,Bryum.All,CCPine1,5,0.155138968619268,0.139861471567462,0.192460587637597,0.165446539953247
bryophyte,bryophyte,north,,,Bryum.All,CCPine2,5,0.158038032976691,0.139679584462011,0.194504534966988,0.167012010783229
bryophyte,bryophyte,north,,,Bryum.All,CCPine3,5,0.158038032976691,0.139679584462011,0.194504534966988,0.167012010783229
bryophyte,bryophyte,north,,,Bryum.All,CCPine4,5,0.158038032976691,0.139679584462011,0.194504534966988,0.167012010783229
bryophyte,bryophyte,north,,,Bryum.All,CCDeciduousR,5,0.173658411668211,0.148355970574154,0.181886492629286,0.173658411668211
bryophyte,bryophyte,north,,,Bryum.All,CCDeciduous1,5,0.191208660329663,0.161436824332306,0.195603792147788,0.191208660329663
bryophyte,bryophyte,north,,,Bryum.All,CCDeciduous2,5,0.158087794218451,0.137781353195513,0.170871546675111,0.166583870583856
bryophyte,bryophyte,north,,,Bryum.All,CCDeciduous3,5,0.158087794218451,0.137781353195513,0.170871546675111,0.166583870583856
bryophyte,bryophyte,north,,,Bryum.All,CCDeciduous4,5,0.158087794218451,0.137781353195513,0.170871546675111,0.166583870583856
bryophyte,bryophyte,north,,,Bryum.All,CCMixedwoodR,5,0.173658411668211,0.148355970574154,0.181886492629286,0.173658411668211
bryophyte,bryophyte,north,,,Bryum.All,CCMixedwood1,5,0.191208660329663,0.161436824332306,0.195603792147788,0.191208660329663
bryophyte,bryophyte,north,,,Bryum.All,CCMixedwood2,5,0.158087794218451,0.137781353195513,0.170871546675111,0.166583870583856
bryophyte,bryophyte,north,,,Bryum.All,CCMixedwood3,5,0.158087794218451,0.137781353195513,0.170871546675111,0.166583870583856
bryophyte,bryophyte,north,,,Bryum.All,CCMixedwood4,5,0.158087794218451,0.137781353195513,0.170871546675111,0.166583870583856
bryophyte,bryophyte,north,,,Bryum.All,EnSeismic,5,0.149792539521889,0.133484198071788,0.167040379630539,0.149792539521889
bryophyte,bryophyte,north,,,Bryum.All,EnSoftLin,5,0.178639111318971,0.163172428234268,0.203859656661424,0.178639111318971
bryophyte,bryophyte,north,,,Bryum.All,TrSoftLin,5,0.166870020434104,0.140258705398725,0.202243973746201,0.1693722557785
bryophyte,bryophyte,north,,,Bryum.All,HardLin,5,0.127853148191855,0.109823474579183,0.133157841274153,0.131652017457417
bryophyte,bryophyte,north,,,Bryum.All,UrbInd,5,0.159637736318865,0.150407444828966,0.177274100478006,0.16916691958541
bryophyte,bryophyte,north,,,Bryum.All,Wellsites,5,0.140982987312238,0.133365698592971,0.155817256776231,0.140982987312238
bryophyte,bryophyte,north,,,Bryum.All,Crop,5,0.0940376978687642,0.0899987630504781,0.110660066786441,0.0978326110229252
bryophyte,bryophyte,north,,,Bryum.All,TameP,5,0.154440810964465,0.133385507280867,0.164325677216723,0.16109223722038
bryophyte,bryophyte,north,,,Bryum.All,RoughP,5,0.157759327815285,0.143538137132488,0.164451253730716,0.163242142114815
bryophyte,bryophyte,north,,,Ceratodon.purpureus,WhiteSpruce,5,0.165627768004817,0.151928760617595,0.171534060971517,0.168208385349475
bryophyte,bryophyte,north,,,Ceratodon.purpureus,Pine,5,0.158733418454601,0.147521820946892,0.165417982479068,0.165013057948764
bryophyte,bryophyte,north,,,Ceratodon.purpureus,Deciduous,5,0.155994488829953,0.145816710307605,0.166004951827683,0.155994488829953
bryophyte,bryophyte,north,,,Ceratodon.purpureus,Mixedwood,5,0.163287919460556,0.137336226158525,0.166182750850469,0.149700892482234
bryophyte,bryophyte,north,,,Ceratodon.purpureus,BlackSpruce,5,0.0683597653431626,0.0569963521398305,0.0734303525767806,0.0683597653431626
bryophyte,bryophyte,north,,,Ceratodon.purpureus,TreedFen,5,0.0726386632508278,0.0641923952781423,0.0771995540104918,0.0760740114345748
bryophyte,bryophyte,north,,,Ceratodon.purpureus,TreedSwamp,5,0.107742743867827,0.0967194889622052,0.123491242018384,0.107742743867827
bryophyte,bryophyte,north,,,Ceratodon.purpureus,GraminoidFen,5,0.0731187962144143,0.067986774636249,0.0778584619995782,0.079113492600299
bryophyte,bryophyte,north,,,Ceratodon.purpureus,ShrubbyFen,5,0.0720058680858197,0.0682089995489225,0.0784102067511301,0.0786813531326592
bryophyte,bryophyte,north,,,Ceratodon.purpureus,ShrubbyBog,5,0.0689625913699598,0.0587005136001076,0.0732347273790514,0.0689625913699598
bryophyte,bryophyte,north,,,Ceratodon.purpureus,ShrubbySwamp,5,0.106847436238587,0.0912084812502728,0.119061352686345,0.106847436238587
bryophyte,bryophyte,north,,,Ceratodon.purpureus,Marsh,5,0.110480514512807,0.0935669349016278,0.125658260647233,0.110480514512807
bryophyte,bryophyte,north,,,Ceratodon.purpureus,Shrub,5,0.246189235492773,0.222738280838388,0.289562694835372,0.276305207206077
bryophyte,bryophyte,north,,,Ceratodon.purpureus,Grass,5,0.273783096089869,0.255370954335418,0.321696938995014,0.294205231954175
bryophyte,bryophyte,north,,,Ceratodon.purpureus,CCWhiteSpruceR,5,0.318375986707693,0.307767240972559,0.330413377206836,0.30792010683838
bryophyte,bryophyte,north,,,Ceratodon.purpureus,CCWhiteSpruce1,5,0.29408010882671,0.277432527949068,0.306102407843316,0.281679484636516
bryophyte,bryophyte,north,,,Ceratodon.purpureus,CCWhiteSpruce2,5,0.31706590096387,0.308904766691969,0.341436774814665,0.31706590096387
bryophyte,bryophyte,north,,,Ceratodon.purpureus,CCWhiteSpruce3,5,0.31706590096387,0.308904766691969,0.341436774814665,0.31706590096387
bryophyte,bryophyte,north,,,Ceratodon.purpureus,CCWhiteSpruce4,5,0.31706590096387,0.308904766691969,0.341436774814665,0.31706590096387
bryophyte,bryophyte,north,,,Ceratodon.purpureus,CCPineR,5,0.295551185115894,0.295152181657874,0.322716397566225,0.295367399735926
bryophyte,bryophyte,north,,,Ceratodon.purpureus,CCPine1,5,0.314490820704288,0.309413279544398,0.336821166638915,0.314490820704288
bryophyte,bryophyte,north,,,Ceratodon.purpureus,CCPine2,5,0.318968574487083,0.312664251378097,0.340752326736474,0.318968574487083
bryophyte,bryophyte,north,,,Ceratodon.purpureus,CCPine3,5,0.318968574487083,0.312664251378097,0.340752326736474,0.318968574487083
bryophyte,bryophyte,north,,,Ceratodon.purpureus,CCPine4,5,0.318968574487083,0.312664251378097,0.340752326736474,0.318968574487083
bryophyte,bryophyte,north,,,Ceratodon.purpureus,CCDeciduousR,5,0.295824973644283,0.274293911569587,0.305668701087848,0.299876764604473
bryophyte,bryophyte,north,,,Ceratodon.purpureus,CCDeciduous1,5,0.290173751105067,0.274506319298186,0.297478437407106,0.290173751105067
bryophyte,bryophyte,north,,,Ceratodon.purpureus,CCDeciduous2,5,0.296757762231961,0.27182871307388,0.310837045047674,0.282319530090122
bryophyte,bryophyte,north,,,Ceratodon.purpureus,CCDeciduous3,5,0.296757762231961,0.27182871307388,0.310837045047674,0.282319530090122
bryophyte,bryophyte,north,,,Ceratodon.purpureus,CCDeciduous4,5,0.296757762231961,0.27182871307388,0.310837045047674,0.282319530090122
bryophyte,bryophyte,north,,,Ceratodon.purpureus,CCMixedwoodR,5,0.295824973644283,0.274293911569587,0.305668701087848,0.299876764604473
bryophyte,bryophyte,north,,,Ceratodon.purpureus,CCMixedwood1,5,0.290173751105067,0.274506319298186,0.297478437407106,0.290173751105067
bryophyte,bryophyte,north,,,Ceratodon.purpureus,CCMixedwood2,5,0.296757762231961,0.27182871307388,0.310837045047674,0.282319530090122
bryophyte,bryophyte,north,,,Ceratodon.purpureus,CCMixedwood3,5,0.296757762231961,0.27182871307388,0.310837045047674,0.282319530090122
bryophyte,bryophyte,north,,,Ceratodon.purpureus,CCMixedwood4,5,0.296757762231961,0.27182871307388,0.310837045047674,0.282319530090122
bryophyte,bryophyte,north,,,Ceratodon.purpureus,EnSeismic,5,0.141481841862143,0.101037454530666,0.155166019303452,0.141481841862143
bryophyte,bryophyte,north,,,Ceratodon.purpureus,EnSoftLin,5,0.145944122806755,0.111102583696747,0.152394694180028,0.145944122806755
bryophyte,bryophyte,north,,,Ceratodon.purpureus,TrSoftLin,5,0.151254404249002,0.111257162421822,0.169677475206313,0.151254404249002
bryophyte,bryophyte,north,,,Ceratodon.purpureus,HardLin,5,0.10581791027976,0.103285274866497,0.118805095513593,0.105464252479911
bryophyte,bryophyte,north,,,Ceratodon.purpureus,UrbInd,5,0.120554188125188,0.111490589837141,0.126429967967973,0.118831278861568
bryophyte,bryophyte,north,,,Ceratodon.purpureus,Wellsites,5,0.118436951846217,0.100854555870935,0.12993852554848,0.118436951846217
bryophyte,bryophyte,north,,,Ceratodon.purpureus,Crop,5,0.0787295250879479,0.0740709443841557,0.0817668485743107,0.0818907773645947
bryophyte,bryophyte,north,,,Ceratodon.purpureus,TameP,5,0.140827938812827,0.132759271224765,0.142962300036123,0.143304381786149
bryophyte,bryophyte,north,,,Ceratodon.purpureus,RoughP,5,0.144446534572736,0.131677156256055,0.149603889375921,0.144446534572736
bryophyte,bryophyte,south,,,Bryum.All,Loamy,5,0.131351453900602,0.113692881823653,0.149554299791616,0.131351453900602
bryophyte,bryophyte,south,,,Bryum.All,SandyLoam,5,0.168230588091749,0.13889898295342,0.194572600559702,0.168230588091749
bryophyte,bryophyte,south,,,Bryum.All,ClaySub,5,0.134286972411218,0.115350655753102,0.147581797271814,0.132491792910693
bryophyte,bryophyte,south,,,Bryum.All,RapidDrain,5,0.138449032992975,0.107907415094888,0.158100158480083,0.138449032992975
bryophyte,bryophyte,south,,,Bryum.All,Blowout,5,0.141281233599798,0.10590070908767,0.166599116669043,0.141281233599798
bryophyte,bryophyte,south,,,Bryum.All,ThinBreak,5,0.102411988424327,0.0844319362305818,0.112194708206142,0.10078405090107
bryophyte,bryophyte,south,,,Bryum.All,Other,5,0.148997099710925,0.120678108469341,0.172696997297406,0.148997099710925
bryophyte,bryophyte,south,,,Bryum.All,EnSeismic,5,0.270563729991131,0.145046738199297,0.399688830154759,0.270563729991131
bryophyte,bryophyte,south,,,Bryum.All,EnSoftLin,5,0.264644772924918,0.149978812317139,0.43220956298513,0.264644772924918
bryophyte,bryophyte,south,,,Bryum.All,TrSoftLin,5,0.282251573455878,0.170146701846002,0.43872727192627,0.317476910733227
bryophyte,bryophyte,south,,,Bryum.All,HardLin,5,0.110629365723211,0.0810552521703511,0.151383806625905,0.110629365723211
bryophyte,bryophyte,south,,,Bryum.All,UrbInd,5,0.108488833988913,0.0887323594322194,0.134141975996618,0.123137137219075
bryophyte,bryophyte,south,,,Bryum.All,Wellsites,5,0.106656778225908,0.0851862575176286,0.131281759936394,0.114187844972883
bryophyte,bryophyte,south,,,Bryum.All,Crop,5,0.0867723303608381,0.0719240515933601,0.0958865637087293,0.0867723303608381
bryophyte,bryophyte,south,,,Bryum.All,TameP,5,0.130799444923102,0.100385963954449,0.133092687645548,0.131419200025382
bryophyte,bryophyte,south,,,Bryum.All,RoughP,5,0.103079667833238,0.0879325257825222,0.108659699342939,0.105266209818982
bryophyte,bryophyte,south,,,Ceratodon.purpureus,Loamy,5,0.0658708529500316,0.0584170946124704,0.0732113409978297,0.0771500174013531
bryophyte,bryophyte,south,,,Ceratodon.purpureus,SandyLoam,5,0.0784771746495728,0.0669172034598962,0.0827367737015256,0.0845972096521121
bryophyte,bryophyte,south,,,Ceratodon.purpureus,ClaySub,5,0.0593845344002184,0.0549200028177223,0.0682680361913014,0.0703623858645358
bryophyte,bryophyte,south,,,Ceratodon.purpureus,RapidDrain,5,0.0962093454216259,0.0880220023238594,0.110546571991018,0.105235032366013
bryophyte,bryophyte,south,,,Ceratodon.purpureus,Blowout,5,0.0999344735223918,0.0879642270626199,0.114921019752446,0.11187246078917
bryophyte,bryophyte,south,,,Ceratodon.purpureus,ThinBreak,5,0.0832243161317533,0.0736759573237151,0.0872000168488827,0.08712969567306
bryophyte,bryophyte,south,,,Ceratodon.purpureus,Other,5,0.0350044159117947,0.0235240621773317,0.0465393309558795,0.0350044159117947
bryophyte,bryophyte,south,,,Ceratodon.purpureus,EnSeismic,5,0.174870896576241,0.131592672388024,0.232107751329401,0.174870896576241
bryophyte,bryophyte,south,,,Ceratodon.purpureus,EnSoftLin,5,0.170575229823803,0.132556088455842,0.203575202927324,0.174217020115512
bryophyte,bryophyte,south,,,Ceratodon.purpureus,TrSoftLin,5,0.167902857062929,0.134348895822696,0.227103388452211,0.167902857062929
bryophyte,bryophyte,south,,,Ceratodon.purpureus,HardLin,5,0.0350083307658359,0.0274183527715826,0.0431293993878657,0.0361036893881717
bryophyte,bryophyte,south,,,Ceratodon.purpureus,UrbInd,5,0.0366482612921616,0.0291165330654948,0.0390926018812285,0.0376936852658235
bryophyte,bryophyte,south,,,Ceratodon.purpureus,Wellsites,5,0.0402046073308911,0.0328353055362516,0.0535245003211711,0.0443655892619766
bryophyte,bryophyte,south,,,Ceratodon.purpureus,Crop,5,0.0280314481170995,0.0209128118965215,0.0308832991228334,0.0299952896731918
bryophyte,bryophyte,south,,,Ceratodon.purpureus,TameP,5,0.0603000878520825,0.0478738235167801,0.0692822585547884,0.0603000878520825
bryophyte,bryophyte,south,,,Ceratodon.purpureus,RoughP,5,0.05896330594214,0.0446846678988854,0.0632857593790237,0.05896330594214
lichen,lichen,north,,,Cladonia.chlorophaea,WhiteSpruce,5,0.252558111603793,0.252233623501813,0.257568055301073,0.260735061777734
lichen,lichen,north,,,Cladonia.chlorophaea,Pine,5,0.184365102576736,0.172889143030735,0.195249655172753,0.190839774983851
lichen,lichen,north,,,Cladonia.chlorophaea,Deciduous,5,0.210876039041784,0.209789576719078,0.216360686080576,0.219920153696273
lichen,lichen,north,,,Cladonia.chlorophaea,Mixedwood,5,0.206334473377505,0.200639373428878,0.211931951451974,0.21453093448714
lichen,lichen,north,,,Cladonia.chlorophaea,BlackSpruce,5,0.194704875028495,0.180230712019276,0.200878568629445,0.197799504514728
lichen,lichen,north,,,Cladonia.chlorophaea,TreedFen,5,0.196642101320525,0.181759365439195,0.199290475631995,0.19833896913885
lichen,lichen,north,,,Cladonia.chlorophaea,TreedSwamp,5,0.218674219617792,0.205993590419692,0.225216309481972,0.228583589737506
lichen,lichen,north,,,Cladonia.chlorophaea,GraminoidFen,5,0.181309655298167,0.168711402161303,0.182689299406762,0.181882976941668
lichen,lichen,north,,,Cladonia.chlorophaea,ShrubbyFen,5,0.179886394489853,0.169069502842255,0.182265491214641,0.179886394489853
lichen,lichen,north,,,Cladonia.chlorophaea,ShrubbyBog,5,0.192422125147435,0.178636161743157,0.19612891664086,0.194055487017162
lichen,lichen,north,,,Cladonia.chlorophaea,ShrubbySwamp,5,0.189367176334449,0.174310177856253,0.197153533227337,0.199324860586018
lichen,lichen,north,,,Cladonia.chlorophaea,Marsh,5,0.168597453494083,0.159518176998486,0.172794767606744,0.175486219415395
lichen,lichen,north,,,Cladonia.chlorophaea,Shrub,5,0.132697975114608,0.110141045089634,0.146120700583706,0.145643541949497
lichen,lichen,north,,,Cladonia.chlorophaea,Grass,5,0.118998503542502,0.114328830146678,0.13821038157821,0.140985698209627
lichen,lichen,north,,,Cladonia.chlorophaea,CCWhiteSpruceR,5,0.137481143553962,0.106121056053495,0.147800100708259,0.143158797725952
lichen,lichen,north,,,Cladonia.chlorophaea,CCWhiteSpruce1,5,0.141648889755391,0.110574180596469,0.158070421629081,0.156240951661254
lichen,lichen,north,,,Cladonia.chlorophaea,CCWhiteSpruce2,5,0.163146230734557,0.12755172113055,0.176699103321581,0.171754210954791
lichen,lichen,north,,,Cladonia.chlorophaea,CCWhiteSpruce3,5,0.163146230734557,0.12755172113055,0.176699103321581,0.171754210954791
lichen,lichen,north,,,Cladonia.chlorophaea,CCWhiteSpruce4,5,0.163146230734557,0.12755172113055,0.176699103321581,0.171754210954791
lichen,lichen,north,,,Cladonia.chlorophaea,CCPineR,5,0.126778077644044,0.104149585698727,0.140294916114714,0.136417758599666
lichen,lichen,north,,,Cladonia.chlorophaea,CCPine1,5,0.146182096026708,0.119148216693373,0.157131883875635,0.160265005565932
lichen,lichen,north,,,Cladonia.chlorophaea,CCPine2,5,0.151061631522583,0.121802316338301,0.159508910028366,0.16261964666158
lichen,lichen,north,,,Cladonia.chlorophaea,CCPine3,5,0.151061631522583,0.121802316338301,0.159508910028366,0.16261964666158
lichen,lichen,north,,,Cladonia.chlorophaea,CCPine4,5,0.151061631522583,0.121802316338301,0.159508910028366,0.16261964666158
lichen,lichen,north,,,Cladonia.chlorophaea,CCDeciduousR,5,0.132763606916402,0.111538020217543,0.145143112593902,0.143918628709584
lichen,lichen,north,,,Cladonia.chlorophaea,CCDeciduous1,5,0.124913970764929,0.115594531384545,0.142985113106185,0.144096912347687
lichen,lichen,north,,,Cladonia.chlorophaea,CCDeciduous2,5,0.140064631463177,0.121957667760874,0.150503112004934,0.156067195712122
lichen,lichen,north,,,Cladonia.chlorophaea,CCDeciduous3,5,0.140064631463177,0.121957667760874,0.150503112004934,0.156067195712122
lichen,lichen,north,,,Cladonia.chlorophaea,CCDeciduous4,5,0.140064631463177,0.121957667760874,0.150503112004934,0.156067195712122
lichen,lichen,north,,,Cladonia.chlorophaea,CCMixedwoodR,5,0.132763606916402,0.111538020217543,0.145143112593902,0.143918628709584
lichen,lichen,north,,,Cladonia.chlorophaea,CCMixedwood1,5,0.124913970764929,0.115594531384545,0.142985113106185,0.144096912347687
lichen,lichen,north,,,Cladonia.chlorophaea,CCMixedwood2,5,0.140064631463177,0.121957667760874,0.150503112004934,0.156067195712122
lichen,lichen,north,,,Cladonia.chlorophaea,CCMixedwood3,5,0.140064631463177,0.121957667760874,0.150503112004934,0.156067195712122
lichen,lichen,north,,,Cladonia.chlorophaea,CCMixedwood4,5,0.140064631463177,0.121957667760874,0.150503112004934,0.156067195712122
lichen,lichen,north,,,Cladonia.chlorophaea,EnSeismic,5,0.0430073866645988,0.0324898942505744,0.0544453854357603,0.0534506641135193
lichen,lichen,north,,,Cladonia.chlorophaea,EnSoftLin,5,0.035163771867477,0.0288448203971999,0.0472410789647077,0.0472517824771714
lichen,lichen,north,,,Cladonia.chlorophaea,TrSoftLin,5,0.0399168640327046,0.0294343698729292,0.0497101440576558,0.0502003843595238
lichen,lichen,north,,,Cladonia.chlorophaea,HardLin,5,0.0214477931276479,0.01989719764426,0.0251663257355368,0.0221025930369697
lichen,lichen,north,,,Cladonia.chlorophaea,UrbInd,5,0.0277038033657465,0.0236386443718993,0.0316896276821167,0.0300820556387816
lichen,lichen,north,,,Cladonia.chlorophaea,Wellsites,5,0.0304612273664742,0.0218701670800133,0.0307646339552465,0.0309397188855785
lichen,lichen,north,,,Cladonia.chlorophaea,Crop,5,0.0144023872928233,0.0128873369304996,0.0166180473618662,0.0144023872928233
lichen,lichen,north,,,Cladonia.chlorophaea,TameP,5,0.0364155726464503,0.0323758564806015,0.0390656860204695,0.0347219123602915
lichen,lichen,north,,,Cladonia.chlorophaea,RoughP,5,0.0312286077240493,0.0267039548887538,0.0331277982006694,0.0322013735700394
lichen,lichen,north,,,Physcia.adscendens,WhiteSpruce,5,0.148117254390208,0.119524154763346,0.15659993385618,0.148117254390208
lichen,lichen,north,,,Physcia.adscendens,Pine,5,0.120090507975572,0.0919928899086283,0.128219106511953,0.120090507975572
lichen,lichen,north,,,Physcia.adscendens,Deciduous,5,0.312973172865495,0.272877568468071,0.328143934979411,0.320438568077181
lichen,lichen,north,,,Physcia.adscendens,Mixedwood,5,0.223900055414834,0.175898143626776,0.241603354332382,0.223900055414834
lichen,lichen,north,,,Physcia.adscendens,BlackSpruce,5,0.0303366775647651,0.0230567867693455,0.0372187660846359,0.0303366775647651
lichen,lichen,north,,,Physcia.adscendens,TreedFen,5,0.033496884636421,0.0258181349816666,0.0405214391906766,0.033496884636421
lichen,lichen,north,,,Physcia.adscendens,TreedSwamp,5,0.127824312427682,0.10439457327628,0.145753212080394,0.129977987858867
lichen,lichen,north,,,Physcia.adscendens,GraminoidFen,5,0.0356574590224908,0.027239235299551,0.0458342153511507,0.0356574590224908
lichen,lichen,north,,,Physcia.adscendens,ShrubbyFen,5,0.0342140335652919,0.0263641316624369,0.0432073837702072,0.0342140335652919
lichen,lichen,north,,,Physcia.adscendens,ShrubbyBog,5,0.0314996512622481,0.0240617272622188,0.038642920620014,0.0314996512622481
lichen,lichen,north,,,Physcia.adscendens,ShrubbySwamp,5,0.125349216770516,0.0973424296954802,0.141693661653428,0.125349216770516
lichen,lichen,north,,,Physcia.adscendens,Marsh,5,0.0879264969679957,0.0638894252481001,0.10413661309277,0.0879264969679957
lichen,lichen,north,,,Physcia.adscendens,Shrub,5,0.217306768306839,0.177722116469092,0.25094240615165,0.21909619000621
lichen,lichen,north,,,Physcia.adscendens,Grass,5,0.255752574873662,0.202798368718069,0.309494641621698,0.255752574873662
lichen,lichen,north,,,Physcia.adscendens,CCWhiteSpruceR,5,0.134579505041404,0.106566359078164,0.169762093411919,0.153137318561862
lichen,lichen,north,,,Physcia.adscendens,CCWhiteSpruce1,5,0.159356985870333,0.12551730686296,0.195733003247481,0.17472233290389
lichen,lichen,north,,,Physcia.adscendens,CCWhiteSpruce2,5,0.169427157082784,0.137926073308418,0.206625607964919,0.18730277633201
lichen,lichen,north,,,Physcia.adscendens,CCWhiteSpruce3,5,0.169427157082784,0.137926073308418,0.206625607964919,0.18730277633201
lichen,lichen,north,,,Physcia.adscendens,CCWhiteSpruce4,5,0.169427157082784,0.137926073308418,0.206625607964919,0.18730277633201
lichen,lichen,north,,,Physcia.adscendens,CCPineR,5,0.135853106606989,0.107830700849556,0.173113188535039,0.154865202960644
lichen,lichen,north,,,Physcia.adscendens,CCPine1,5,0.138925991399608,0.107733167901106,0.172357890555549,0.15476838066826
lichen,lichen,north,,,Physcia.adscendens,CCPine2,5,0.143206092810703,0.111694247227964,0.175719884276117,0.159242837884132
lichen,lichen,north,,,Physcia.adscendens,CCPine3,5,0.143206092810703,0.111694247227964,0.175719884276117,0.159242837884132
lichen,lichen,north,,,Physcia.adscendens,CCPine4,5,0.143206092810703,0.111694247227964,0.175719884276117,0.159242837884132
lichen,lichen,north,,,Physcia.adscendens,CCDeciduousR,5,0.187270582074541,0.148230815026816,0.221215741742339,0.206132428707949
lichen,lichen,north,,,Physcia.adscendens,CCDeciduous1,5,0.206290169521746,0.178800568851486,0.255646063347353,0.235377679781569
lichen,lichen,north,,,Physcia.adscendens,CCDeciduous2,5,0.181421847748252,0.15506968127878,0.222972690878233,0.208199852243512
lichen,lichen,north,,,Physcia.adscendens,CCDeciduous3,5,0.181421847748252,0.15506968127878,0.222972690878233,0.208199852243512
lichen,lichen,north,,,Physcia.adscendens,CCDeciduous4,5,0.181421847748252,0.15506968127878,0.222972690878233,0.208199852243512
lichen,lichen,north,,,Physcia.adscendens,CCMixedwoodR,5,0.187270582074541,0.148230815026816,0.221215741742339,0.206132428707949
lichen,lichen,north,,,Physcia.adscendens,CCMixedwood1,5,0.206290169521746,0.178800568851486,0.255646063347353,0.235377679781569
lichen,lichen,north,,,Physcia.adscendens,CCMixedwood2,5,0.181421847748252,0.15506968127878,0.222972690878233,0.208199852243512
lichen,lichen,north,,,Physcia.adscendens,CCMixedwood3,5,0.181421847748252,0.15506968127878,0.222972690878233,0.208199852243512
lichen,lichen,north,,,Physcia.adscendens,CCMixedwood4,5,0.181421847748252,0.15506968127878,0.222972690878233,0.208199852243512
lichen,lichen,north,,,Physcia.adscendens,EnSeismic,5,0.0559902156495264,0.0450389996829794,0.063162022530209,0.0655134588345379
lichen,lichen,north,,,Physcia.adscendens,EnSoftLin,5,0.064110069904926,0.0486128343835806,0.0678688597629154,0.0697768863416448
lichen,lichen,north,,,Physcia.adscendens,TrSoftLin,5,0.0467228650364718,0.0399577706600269,0.0576384467148874,0.058881483254521
lichen,lichen,north,,,Physcia.adscendens,HardLin,5,0.0493451495047422,0.0391666686866418,0.0577595877606325,0.0487714656813048
lichen,lichen,north,,,Physcia.adscendens,UrbInd,5,0.0764072515832514,0.0555226885679041,0.0933507532983004,0.0802096731192145
lichen,lichen,north,,,Physcia.adscendens,Wellsites,5,0.0559024707707845,0.042698324468837,0.0713214459680398,0.0566484650167523
lichen,lichen,north,,,Physcia.adscendens,Crop,5,0.0233600076765896,0.0162994624790713,0.0277077382676924,0.0239064995186528
lichen,lichen,north,,,Physcia.adscendens,TameP,5,0.0647720336265828,0.0536621746759276,0.0746944108751399,0.0682683436932
lichen,lichen,north,,,Physcia.adscendens,RoughP,5,0.0903485647539736,0.0764681003778962,0.107526408414187,0.0972957355532777
lichen,lichen,south,,,Cladonia.chlorophaea,Loamy,5,0.0711095523804057,0.0615396544039222,0.0873640023441287,0.0778696228615501
lichen,lichen,south,,,Cladonia.chlorophaea,SandyLoam,5,0.0669558263884111,0.0566416289689753,0.0767354645648717,0.0735391670882838
lichen,lichen,south,,,Cladonia.chlorophaea,ClaySub,5,0.0670997262389032,0.0570566717431534,0.07783198623285,0.0735811496014876
lichen,lichen,south,,,Cladonia.chlorophaea,RapidDrain,5,0.0666115068409651,0.0589181268496328,0.0705625490223415,0.0666115068409651
lichen,lichen,south,,,Cladonia.chlorophaea,Blowout,5,0.0672990975495349,0.0617561190617265,0.0790852576828609,0.0672990975495349
lichen,lichen,south,,,Cladonia.chlorophaea,ThinBreak,5,0.0686854871706772,0.0600881372034139,0.0718571895633798,0.0697591311347333
lichen,lichen,south,,,Cladonia.chlorophaea,Other,5,0.00492116576724179,0.00179328595521191,0.0119142807694122,0.00492116576724179
lichen,lichen,south,,,Cladonia.chlorophaea,EnSeismic,5,0.0622453464495927,0.0373574808760262,0.17872539502998,0.0466577038779196
lichen,lichen,south,,,Cladonia.chlorophaea,EnSoftLin,5,0.0517567487465455,0.0403776037340564,0.184954973971726,0.038040565126713
lichen,lichen,south,,,Cladonia.chlorophaea,TrSoftLin,5,0.0746140587297936,0.0357419097042295,0.219397411664499,0.0746140587297936
lichen,lichen,south,,,Cladonia.chlorophaea,HardLin,5,0.013592607475638,0.0124634689890908,0.0155920066979704,0.0144144755450307
lichen,lichen,south,,,Cladonia.chlorophaea,UrbInd,5,0.019379766458095,0.015692772230751,0.0225304733957075,0.019379766458095
lichen,lichen,south,,,Cladonia.chlorophaea,Wellsites,5,0.022701154024468,0.0161827490300401,0.0286348700264202,0.022701154024468
lichen,lichen,south,,,Cladonia.chlorophaea,Crop,5,0.00722850800015048,0.00618502948824642,0.00810592354133653,0.00722850800015048
lichen,lichen,south,,,Cladonia.chlorophaea,TameP,5,0.0328421283698632,0.0305419870935615,0.0410321694106379,0.034808485051759
lichen,lichen,south,,,Cladonia.chlorophaea,RoughP,5,0.0416452198287593,0.0380392683844879,0.0445156285504701,0.0418495106240208
lichen,lichen,south,,,Physcia.adscendens,Loamy,5,0.185307491209447,0.168563448767941,0.198558700549421,0.185307491209447
lichen,lichen,south,,,Physcia.adscendens,SandyLoam,5,0.187090337348794,0.168874063927985,0.207009934471911,0.187090337348794
lichen,lichen,south,,,Physcia.adscendens,ClaySub,5,0.176847565312956,0.158930872004024,0.182796159194229,0.176847565312956
lichen,lichen,south,,,Physcia.adscendens,RapidDrain,5,0.138998813516194,0.125734288859981,0.163845851123751,0.144844119510702
lichen,lichen,south,,,Physcia.adscendens,Blowout,5,0.090304444350133,0.0670759368888286,0.106271276792021,0.090304444350133
lichen,lichen,south,,,Physcia.adscendens,ThinBreak,5,0.111528415594478,0.0946979216799158,0.123434137285909,0.116292731708507
lichen,lichen,south,,,Physcia.adscendens,Other,5,0.120972696681424,0.0901665330121894,0.176380105055838,0.154236617960994
lichen,lichen,south,,,Physcia.adscendens,EnSeismic,5,0.133188070434216,0.108901350927189,0.151918850008194,0.10132273891866
lichen,lichen,south,,,Physcia.adscendens,EnSoftLin,5,0.0838217618215749,0.0695606558073624,0.10949184990719,0.0657065549387281
lichen,lichen,south,,,Physcia.adscendens,TrSoftLin,5,0.11700351234635,0.113381730844819,0.157602625994612,0.11700351234635
lichen,lichen,south,,,Physcia.adscendens,HardLin,5,0.0234448746292444,0.0196758055138019,0.0253771487509822,0.0234448746292444
lichen,lichen,south,,,Physcia.adscendens,UrbInd,5,0.0468717681891792,0.045915776072149,0.0680328278732017,0.0584978409080957
lichen,lichen,south,,,Physcia.adscendens,Wellsites,5,0.0421096796706268,0.0417593426901775,0.0633167830463054,0.0539013816491975
lichen,lichen,south,,,Physcia.adscendens,Crop,5,0.0115919080663084,0.00990369527975602,0.0121688285896611,0.0115919080663084
lichen,lichen,south,,,Physcia.adscendens,TameP,5,0.0342785003876693,0.0267084511897149,0.0366998366344221,0.0342785003876693
lichen,lichen,south,,,Physcia.adscendens,RoughP,5,0.0465936362218578,0.0388958541269103,0.0493968310675019,0.0477217933404628
mite,mite,north,,,Ceratozetes.gracilis,WhiteSpruce,5,0.086563572861179,0.0767167182783778,0.103850297944825,0.0829175174899254
mite,mite,north,,,Ceratozetes.gracilis,Pine,5,0.0676057357161677,0.0597889626226881,0.0808299073096749,0.0653737066067143
mite,mite,north,,,Ceratozetes.gracilis,Deciduous,5,0.125632351831133,0.120257214804358,0.152116666252485,0.124987504484192
mite,mite,north,,,Ceratozetes.gracilis,Mixedwood,5,0.102740054896251,0.0911162039820542,0.114888055268197,0.0961141497193831
mite,mite,north,,,Ceratozetes.gracilis,BlackSpruce,5,0.0241266699970548,0.0221486160226852,0.0300508961337641,0.0232136037108846
mite,mite,north,,,Ceratozetes.gracilis,TreedFen,5,0.0291436983742907,0.0266313578911309,0.0388477421265816,0.0291436983742907
mite,mite,north,,,Ceratozetes.gracilis,TreedSwamp,5,0.0725645819253046,0.0620412036955493,0.0922586517345771,0.0725645819253046
mite,mite,north,,,Ceratozetes.gracilis,GraminoidFen,5,0.029582506161117,0.0259755010707075,0.0371786434883822,0.0283799451413344
mite,mite,north,,,Ceratozetes.gracilis,ShrubbyFen,5,0.0293003051542226,0.0259026482084509,0.0371425650287273,0.0284231983154652
mite,mite,north,,,Ceratozetes.gracilis,ShrubbyBog,5,0.0250920755648613,0.0229629923604966,0.0314506787507892,0.024249472496002
mite,mite,north,,,Ceratozetes.gracilis,ShrubbySwamp,5,0.0751382459063968,0.0617421810307777,0.0922584405695148,0.0751382459063968
mite,mite,north,,,Ceratozetes.gracilis,Marsh,5,0.0597546799051676,0.0481667736774781,0.076011176791874,0.0549517667193043
mite,mite,north,,,Ceratozetes.gracilis,Shrub,5,0.0762627142444002,0.0640387404617767,0.0890037195393509,0.0742012125044249
mite,mite,north,,,Ceratozetes.gracilis,Grass,5,0.0822637736900863,0.0730158192233545,0.113159024184108,0.0822637736900863
mite,mite,north,,,Ceratozetes.gracilis,CCWhiteSpruceR,5,0.10299620507702,0.0939911339005037,0.127360184892372,0.10299620507702
mite,mite,north,,,Ceratozetes.gracilis,CCWhiteSpruce1,5,0.119405831109742,0.105395916236163,0.143377668576338,0.119405831109742
mite,mite,north,,,Ceratozetes.gracilis,CCWhiteSpruce2,5,0.119820585887542,0.106500697859523,0.135874182106685,0.117438284823892
mite,mite,north,,,Ceratozetes.gracilis,CCWhiteSpruce3,5,0.119820585887542,0.106500697859523,0.135874182106685,0.117438284823892
mite,mite,north,,,Ceratozetes.gracilis,CCWhiteSpruce4,5,0.119820585887542,0.106500697859523,0.135874182106685,0.117438284823892
mite,mite,north,,,Ceratozetes.gracilis,CCPineR,5,0.107138745801614,0.0991111184906569,0.1310627193558,0.107138745801614
mite,mite,north,,,Ceratozetes.gracilis,CCPine1,5,0.106322388686437,0.0984881924309444,0.12972104617042,0.106322388686437
mite,mite,north,,,Ceratozetes.gracilis,CCPine2,5,0.106836815104621,0.0985247503643216,0.128561640199984,0.105801123187711
mite,mite,north,,,Ceratozetes.gracilis,CCPine3,5,0.106836815104621,0.0985247503643216,0.128561640199984,0.105801123187711
mite,mite,north,,,Ceratozetes.gracilis,CCPine4,5,0.106836815104621,0.0985247503643216,0.128561640199984,0.105801123187711
mite,mite,north,,,Ceratozetes.gracilis,CCDeciduousR,5,0.132936133655999,0.128067434242984,0.155537027640493,0.128619054270295
mite,mite,north,,,Ceratozetes.gracilis,CCDeciduous1,5,0.164273889818037,0.151347125614095,0.185063646453912,0.152770868236052
mite,mite,north,,,Ceratozetes.gracilis,CCDeciduous2,5,0.124259292424775,0.120923587625806,0.145196460272158,0.124259292424775
mite,mite,north,,,Ceratozetes.gracilis,CCDeciduous3,5,0.124259292424775,0.120923587625806,0.145196460272158,0.124259292424775
mite,mite,north,,,Ceratozetes.gracilis,CCDeciduous4,5,0.124259292424775,0.120923587625806,0.145196460272158,0.124259292424775
mite,mite,north,,,Ceratozetes.gracilis,CCMixedwoodR,5,0.132936133655999,0.128067434242984,0.155537027640493,0.128619054270295
mite,mite,north,,,Ceratozetes.gracilis,CCMixedwood1,5,0.164273889818037,0.151347125614095,0.185063646453912,0.152770868236052
mite,mite,north,,,Ceratozetes.gracilis,CCMixedwood2,5,0.124259292424775,0.120923587625806,0.145196460272158,0.124259292424775
mite,mite,north,,,Ceratozetes.gracilis,CCMixedwood3,5,0.124259292424775,0.120923587625806,0.145196460272158,0.124259292424775
mite,mite,north,,,Ceratozetes.gracilis,CCMixedwood4,5,0.124259292424775,0.120923587625806,0.145196460272158,0.124259292424775
mite,mite,north,,,Ceratozetes.gracilis,EnSeismic,5,0.0892000327566164,0.0852924765426569,0.105651698869338,0.0863863188118811
mite,mite,north,,,Ceratozetes.gracilis,EnSoftLin,5,0.0971724964558532,0.074607713107594,0.109467130555906,0.0835598316938897
mite,mite,north,,,Ceratozetes.gracilis,TrSoftLin,5,0.0966485243715561,0.0727021177007835,0.107989309206506,0.0796090919531723
mite,mite,north,,,Ceratozetes.gracilis,HardLin,5,0.030285389017103,0.0280919388876705,0.0430527922930095,0.030285389017103
mite,mite,north,,,Ceratozetes.gracilis,UrbInd,5,0.0531877107104781,0.0413567979216014,0.0723145731703991,0.0499213392018499
mite,mite,north,,,Ceratozetes.gracilis,Wellsites,5,0.0364783044505167,0.0327093739032554,0.0582351324661563,0.0364783044505167
mite,mite,north,,,Ceratozetes.gracilis,Crop,5,0.0272509324404124,0.0242622005749426,0.0406762833651796,0.0272509324404124
mite,mite,north,,,Ceratozetes.gracilis,TameP,5,0.0395987782723833,0.0328755530427585,0.052231246098323,0.0357630567524386
mite,mite,north,,,Ceratozetes.gracilis,RoughP,5,0.0623490757063713,0.0519824292494706,0.0707941485092565,0.0565630088699719
mite,mite,north,,,Trhypochthonius.tectorum,WhiteSpruce,5,0.0528174416220476,0.0470429073757102,0.0551954091231743,0.0492385519910045
mite,mite,north,,,Trhypochthonius.tectorum,Pine,5,0.0584140684512024,0.052614647046147,0.0683527213169536,0.0584140684512024
mite,mite,north,,,Trhypochthonius.tectorum,Deciduous,5,0.0524337030605855,0.0460399144908319,0.0583819302245161,0.0511347536386993
mite,mite,north,,,Trhypochthonius.tectorum,Mixedwood,5,0.0530888311401915,0.0459989852364304,0.0572300804806354,0.0503188069652154
mite,mite,north,,,Trhypochthonius.tectorum,BlackSpruce,5,0.0466153767699601,0.0390312782230719,0.0489398248022537,0.0466153767699601
mite,mite,north,,,Trhypochthonius.tectorum,TreedFen,5,0.0397868461458001,0.0347684587689401,0.0425603168326677,0.0398306061756154
mite,mite,north,,,Trhypochthonius.tectorum,TreedSwamp,5,0.0336045959652836,0.030272090513297,0.0364699382664357,0.0336045959652836
mite,mite,north,,,Trhypochthonius.tectorum,GraminoidFen,5,0.0399575797477027,0.0348234370026121,0.0422700413774057,0.0399575797477027
mite,mite,north,,,Trhypochthonius.tectorum,ShrubbyFen,5,0.0399074377327824,0.0354444041339281,0.0421067187992337,0.0399074377327824
mite,mite,north,,,Trhypochthonius.tectorum,ShrubbyBog,5,0.0456537678977006,0.0386573508681974,0.0476945372943053,0.0456537678977006
mite,mite,north,,,Trhypochthonius.tectorum,ShrubbySwamp,5,0.0287853968916506,0.026955528084015,0.0307101136832832,0.0287853968916506
mite,mite,north,,,Trhypochthonius.tectorum,Marsh,5,0.0349094566129046,0.0315766837905335,0.0375194490158177,0.0342204386832978
mite,mite,north,,,Trhypochthonius.tectorum,Shrub,5,0.0292239621535654,0.0231420017131017,0.0331576234294524,0.0322425562283813
mite,mite,north,,,Trhypochthonius.tectorum,Grass,5,0.0444527060764193,0.0315734249567915,0.0481385394142575,0.0452693650218574
mite,mite,north,,,Trhypochthonius.tectorum,CCWhiteSpruceR,5,0.0427572042195979,0.0385465979484639,0.0468834080024041,0.0427572042195979
mite,mite,north,,,Trhypochthonius.tectorum,CCWhiteSpruce1,5,0.0385213851479223,0.0376602801079395,0.0427534270225092,0.0388538182932539
mite,mite,north,,,Trhypochthonius.tectorum,CCWhiteSpruce2,5,0.0386033003986392,0.0381241227189354,0.0425410934782636,0.0394968698022702
mite,mite,north,,,Trhypochthonius.tectorum,CCWhiteSpruce3,5,0.0386033003986392,0.0381241227189354,0.0425410934782636,0.0394968698022702
mite,mite,north,,,Trhypochthonius.tectorum,CCWhiteSpruce4,5,0.0386033003986392,0.0381241227189354,0.0425410934782636,0.0394968698022702
mite,mite,north,,,Trhypochthonius.tectorum,CCPineR,5,0.0463951493037776,0.0417507590889956,0.0531914251239524,0.0463951493037776
mite,mite,north,,,Trhypochthonius.tectorum,CCPine1,5,0.0404378910028256,0.0390901164042141,0.0437866917404038,0.0404378910028256
mite,mite,north,,,Trhypochthonius.tectorum,CCPine2,5,0.0405732816727818,0.0391296471473719,0.0442128755860879,0.0405732816727818
mite,mite,north,,,Trhypochthonius.tectorum,CCPine3,5,0.0405732816727818,0.0391296471473719,0.0442128755860879,0.0405732816727818
mite,mite,north,,,Trhypochthonius.tectorum,CCPine4,5,0.0405732816727818,0.0391296471473719,0.0442128755860879,0.0405732816727818
mite,mite,north,,,Trhypochthonius.tectorum,CCDeciduousR,5,0.0456285665859081,0.0424389773446854,0.0477117305649164,0.0417930832945295
mite,mite,north,,,Trhypochthonius.tectorum,CCDeciduous1,5,0.0350894879155433,0.0346069477032076,0.0399950253825593,0.0344296436156036
mite,mite,north,,,Trhypochthonius.tectorum,CCDeciduous2,5,0.0372909762227814,0.036816488022243,0.0412039115200715,0.0368933081231406
mite,mite,north,,,Trhypochthonius.tectorum,CCDeciduous3,5,0.0372909762227814,0.036816488022243,0.0412039115200715,0.0368933081231406
mite,mite,north,,,Trhypochthonius.tectorum,CCDeciduous4,5,0.0372909762227814,0.036816488022243,0.0412039115200715,0.0368933081231406
mite,mite,north,,,Trhypochthonius.tectorum,CCMixedwoodR,5,0.0456285665859081,0.0424389773446854,0.0477117305649164,0.0417930832945295
mite,mite,north,,,Trhypochthonius.tectorum,CCMixedwood1,5,0.0350894879155433,0.0346069477032076,0.0399950253825593,0.0344296436156036
mite,mite,north,,,Trhypochthonius.tectorum,CCMixedwood2,5,0.0372909762227814,0.036816488022243,0.0412039115200715,0.0368933081231406
mite,mite,north,,,Trhypochthonius.tectorum,CCMixedwood3,5,0.0372909762227814,0.036816488022243,0.0412039115200715,0.0368933081231406
mite,mite,north,,,Trhypochthonius.tectorum,CCMixedwood4,5,0.0372909762227814,0.036816488022243,0.0412039115200715,0.0368933081231406
mite,mite,north,,,Trhypochthonius.tectorum,EnSeismic,5,0.0485139348560335,0.022299209632709,0.0631853341861569,0.0524369464232436
mite,mite,north,,,Trhypochthonius.tectorum,EnSoftLin,5,0.0307123644746215,0.0170391108634837,0.0603209779022436,0.0382901264037748
mite,mite,north,,,Trhypochthonius.tectorum,TrSoftLin,5,0.0283023906701695,0.0140472504901697,0.0484536423700281,0.0349855097212285
mite,mite,north,,,Trhypochthonius.tectorum,HardLin,5,0.0275631110632781,0.0271011198512758,0.0299860657729306,0.0275631110632781
mite,mite,north,,,Trhypochthonius.tectorum,UrbInd,5,0.02102789586149,0.0185209876556111,0.0277404823197269,0.02102789586149
mite,mite,north,,,Trhypochthonius.tectorum,Wellsites,5,0.0255632683926702,0.022909238965072,0.0333254456849068,0.0255632683926702
mite,mite,north,,,Trhypochthonius.tectorum,Crop,5,0.0189924168473029,0.0183738529763355,0.0201135533663764,0.0186828185710372
mite,mite,north,,,Trhypochthonius.tectorum,TameP,5,0.0297706120995112,0.0261277769234512,0.0304412146651425,0.0297507770299335
mite,mite,north,,,Trhypochthonius.tectorum,RoughP,5,0.0385430595610164,0.0364209049362696,0.0448310802520045,0.0442413576652145
mite,mite,south,,,Ceratozetes.gracilis,Loamy,5,0.0238103122136407,0.0162916053812498,0.0254517325212418,0.0238103122136407
mite,mite,south,,,Ceratozetes.gracilis,SandyLoam,5,0.0210959451329293,0.0157461340650897,0.0226226359663402,0.0210959451329293
mite,mite,south,,,Ceratozetes.gracilis,ClaySub,5,0.0216053741377964,0.0166034445295144,0.0233693381933055,0.0216053741377964
mite,mite,south,,,Ceratozetes.gracilis,RapidDrain,5,0.0133718783216547,0.00932138792451844,0.0250935825846901,0.0161752361101314
mite,mite,south,,,Ceratozetes.gracilis,Blowout,5,0.0147755241581397,0.0105588510912554,0.0299668530715488,0.0159723022796187
mite,mite,south,,,Ceratozetes.gracilis,ThinBreak,5,0.0119568306299684,0.0091383082572202,0.027039830856063,0.01486607926369
mite,mite,south,,,Ceratozetes.gracilis,Other,5,0.00701396379096207,0.00252926113611137,0.0131961873214771,0.00579166660810339
mite,mite,south,,,Ceratozetes.gracilis,EnSeismic,5,0.0295519285237416,0.0158705851196106,0.0793874276023725,0.0194759862111175
mite,mite,south,,,Ceratozetes.gracilis,EnSoftLin,5,0.0282791090982643,0.0136535818975881,0.0665632634992758,0.015566543920319
mite,mite,south,,,Ceratozetes.gracilis,TrSoftLin,5,0.030376609296344,0.0131656411945635,0.0724120783763525,0.0152056472563868
mite,mite,south,,,Ceratozetes.gracilis,HardLin,5,0.00234013650199867,0.00157408130932093,0.00269640828134894,0.0028422579664061
mite,mite,south,,,Ceratozetes.gracilis,UrbInd,5,0.00442694915749631,0.00259403504949584,0.004966609916281,0.00517914509861752
mite,mite,south,,,Ceratozetes.gracilis,Wellsites,5,0.00327542265646592,0.00215915551000519,0.00376220379943654,0.00372749149596442
mite,mite,south,,,Ceratozetes.gracilis,Crop,5,0.00127563611072267,0.000977139985559572,0.00177900764903674,0.00127563611072267
mite,mite,south,,,Ceratozetes.gracilis,TameP,5,0.00344276486224722,0.0026343955073118,0.0049035086422344,0.00296970904161235
mite,mite,south,,,Ceratozetes.gracilis,RoughP,5,0.00293393048720782,0.00272051771091779,0.00397145156682642,0.00293393048720782
mite,mite,south,,,Trhypochthonius.tectorum,Loamy,5,0.0433762765721693,0.041575380974286,0.0456813889614279,0.0404535282457183
mite,mite,south,,,Trhypochthonius.tectorum,SandyLoam,5,0.0370412611293415,0.0320849760745711,0.0388955310505179,0.033421514854404
mite,mite,south,,,Trhypochthonius.tectorum,ClaySub,5,0.0397182245219592,0.0370378244744747,0.0425974265916945,0.0373334902833867
mite,mite,south,,,Trhypochthonius.tectorum,RapidDrain,5,0.0348446652342381,0.0288876202906726,0.0373550679573903,0.0348446652342381
mite,mite,south,,,Trhypochthonius.tectorum,Blowout,5,0.0493616083130368,0.0378196408421891,0.0615700842593314,0.0493616083130368
mite,mite,south,,,Trhypochthonius.tectorum,ThinBreak,5,0.0391231265813762,0.0305066086263429,0.0433017470186029,0.0391231265813762
mite,mite,south,,,Trhypochthonius.tectorum,Other,5,0.0267430656749916,0.0150331179914083,0.0615077965759264,0.0348200299289801
mite,mite,south,,,Trhypochthonius.tectorum,EnSeismic,5,0.00395303813767026,0.000679143589089828,0.0077282875958993,0.00752231978083473
mite,mite,south,,,Trhypochthonius.tectorum,EnSoftLin,5,0.0022394327419296,0.000250159707076951,0.00572219450269663,0.00532089527348282
mite,mite,south,,,Trhypochthonius.tectorum,TrSoftLin,5,0.0018128522182454,0.000227022143876293,0.00421995140238705,0.0033920330144409
mite,mite,south,,,Trhypochthonius.tectorum,HardLin,5,0.029746207849259,0.0230572595904927,0.0372347856944118,0.0249718244194546
mite,mite,south,,,Trhypochthonius.tectorum,UrbInd,5,0.0184447426669055,0.0152714841534473,0.0221858027757421,0.0184447426669055
mite,mite,south,,,Trhypochthonius.tectorum,Wellsites,5,0.0198084112982138,0.0160582694985444,0.0252779575385323,0.0198084112982138
mite,mite,south,,,Trhypochthonius.tectorum,Crop,5,0.0167510174427364,0.0138665410123,0.0181835138663833,0.0167510174427364
mite,mite,south,,,Trhypochthonius.tectorum,TameP,5,0.0294892078953274,0.0236923538570104,0.0371048913821795,0.0294892078953274
mite,mite,south,,,Trhypochthonius.tectorum,RoughP,5,0.0285996367194483,0.0230952943982221,0.0327451288432799,0.0282098095755803
vascular_plant,vascular_plant,north,,,Galium.boreale,WhiteSpruce,5,0.183121673715808,0.175017147461159,0.187146010646516,0.179937811836484
vascular_plant,vascular_plant,north,,,Galium.boreale,Pine,5,0.160822240519723,0.153671777206748,0.16880386031362,0.157886997041383
vascular_plant,vascular_plant,north,,,Galium.boreale,Deciduous,5,0.323838640092258,0.320902205843942,0.326165879340272,0.321302577635538
vascular_plant,vascular_plant,north,,,Galium.boreale,Mixedwood,5,0.248056652958635,0.241904139529187,0.248992876428385,0.240515818751538
vascular_plant,vascular_plant,north,,,Galium.boreale,BlackSpruce,5,0.0286184131550186,0.0278268302521937,0.0298297418830873,0.0286184131550186
vascular_plant,vascular_plant,north,,,Galium.boreale,TreedFen,5,0.0275490996527874,0.0273330267523449,0.0286093502773019,0.0285089456895415
vascular_plant,vascular_plant,north,,,Galium.boreale,TreedSwamp,5,0.0763457648374208,0.0717744957804654,0.0854722892248052,0.0755880399019759
vascular_plant,vascular_plant,north,,,Galium.boreale,GraminoidFen,5,0.0316620628444337,0.0296102771197122,0.0317493238797606,0.031783055532387
vascular_plant,vascular_plant,north,,,Galium.boreale,ShrubbyFen,5,0.0306675631079006,0.028459267435357,0.030899682848497,0.0306675631079006
vascular_plant,vascular_plant,north,,,Galium.boreale,ShrubbyBog,5,0.029050927009874,0.028126253304527,0.0301460009806379,0.029050927009874
vascular_plant,vascular_plant,north,,,Galium.boreale,ShrubbySwamp,5,0.0706517671396776,0.0624874269706742,0.0785987941676256,0.0696735869368905
vascular_plant,vascular_plant,north,,,Galium.boreale,Marsh,5,0.0650100888691628,0.0587961988201134,0.0682898949037326,0.0650100888691628
vascular_plant,vascular_plant,north,,,Galium.boreale,Shrub,5,0.252023224803696,0.23116858341554,0.291923912797255,0.252023224803696
vascular_plant,vascular_plant,north,,,Galium.boreale,Grass,5,0.273529817720032,0.235042245742591,0.302326820902852,0.25320192046881
vascular_plant,vascular_plant,north,,,Galium.boreale,CCWhiteSpruceR,5,0.192040060293012,0.183858614935153,0.213460844580877,0.192040060293012
vascular_plant,vascular_plant,north,,,Galium.boreale,CCWhiteSpruce1,5,0.200328585816406,0.183875276951943,0.221395216421019,0.200328585816406
vascular_plant,vascular_plant,north,,,Galium.boreale,CCWhiteSpruce2,5,0.195024220701432,0.189933465252437,0.222305058749617,0.195024220701432
vascular_plant,vascular_plant,north,,,Galium.boreale,CCWhiteSpruce3,5,0.195024220701432,0.189933465252437,0.222305058749617,0.195024220701432
vascular_plant,vascular_plant,north,,,Galium.boreale,CCWhiteSpruce4,5,0.195024220701432,0.189933465252437,0.222305058749617,0.195024220701432
vascular_plant,vascular_plant,north,,,Galium.boreale,CCPineR,5,0.177728990894232,0.170528480101811,0.199319355800762,0.175481244356181
vascular_plant,vascular_plant,north,,,Galium.boreale,CCPine1,5,0.171918094970603,0.166298582262056,0.182650224642672,0.170696692484412
vascular_plant,vascular_plant,north,,,Galium.boreale,CCPine2,5,0.171068459774545,0.165967261527443,0.182144535119517,0.168683034103466
vascular_plant,vascular_plant,north,,,Galium.boreale,CCPine3,5,0.171068459774545,0.165967261527443,0.182144535119517,0.168683034103466
vascular_plant,vascular_plant,north,,,Galium.boreale,CCPine4,5,0.171068459774545,0.165967261527443,0.182144535119517,0.168683034103466
vascular_plant,vascular_plant,north,,,Galium.boreale,CCDeciduousR,5,0.243698742131102,0.228005718359401,0.255341310383756,0.233629236744504
vascular_plant,vascular_plant,north,,,Galium.boreale,CCDeciduous1,5,0.289272344562207,0.278827384761615,0.314873495331392,0.281412031987215
vascular_plant,vascular_plant,north,,,Galium.boreale,CCDeciduous2,5,0.238190521595173,0.229682650443223,0.259739317474075,0.238190521595173
vascular_plant,vascular_plant,north,,,Galium.boreale,CCDeciduous3,5,0.238190521595173,0.229682650443223,0.259739317474075,0.238190521595173
vascular_plant,vascular_plant,north,,,Galium.boreale,CCDeciduous4,5,0.238190521595173,0.229682650443223,0.259739317474075,0.238190521595173
vascular_plant,vascular_plant,north,,,Galium.boreale,CCMixedwoodR,5,0.243698742131102,0.228005718359401,0.255341310383756,0.233629236744504
vascular_plant,vascular_plant,north,,,Galium.boreale,CCMixedwood1,5,0.289272344562207,0.278827384761615,0.314873495331392,0.281412031987215
vascular_plant,vascular_plant,north,,,Galium.boreale,CCMixedwood2,5,0.238190521595173,0.229682650443223,0.259739317474075,0.238190521595173
vascular_plant,vascular_plant,north,,,Galium.boreale,CCMixedwood3,5,0.238190521595173,0.229682650443223,0.259739317474075,0.238190521595173
vascular_plant,vascular_plant,north,,,Galium.boreale,CCMixedwood4,5,0.238190521595173,0.229682650443223,0.259739317474075,0.238190521595173
vascular_plant,vascular_plant,north,,,Galium.boreale,EnSeismic,5,0.0875105193731231,0.0732083686118318,0.0944803257900605,0.0875105193731231
vascular_plant,vascular_plant,north,,,Galium.boreale,EnSoftLin,5,0.0886000656233342,0.077139983069639,0.0979615614665123,0.0886000656233342
vascular_plant,vascular_plant,north,,,Galium.boreale,TrSoftLin,5,0.0874053978345603,0.0736681689001696,0.0937757064565243,0.0874053978345603
vascular_plant,vascular_plant,north,,,Galium.boreale,HardLin,5,0.0559027986831825,0.0502145592934445,0.0652680752808498,0.0559027986831825
vascular_plant,vascular_plant,north,,,Galium.boreale,UrbInd,5,0.0561313834575388,0.0508538103223802,0.0641692994614501,0.0561313834575388
vascular_plant,vascular_plant,north,,,Galium.boreale,Wellsites,5,0.0530243957815623,0.0453484536105281,0.0640958472423716,0.0530243957815623
vascular_plant,vascular_plant,north,,,Galium.boreale,Crop,5,0.0258110195330383,0.0221573451465345,0.0287061904273492,0.0258110195330383
vascular_plant,vascular_plant,north,,,Galium.boreale,TameP,5,0.0613931977354205,0.0569873262354261,0.0679942754753597,0.0589997552075799
vascular_plant,vascular_plant,north,,,Galium.boreale,RoughP,5,0.0979808674648413,0.0890803699445946,0.117007581054317,0.0961185940775852
vascular_plant,vascular_plant,north,,,Vicia.americana,WhiteSpruce,5,0.101553761027206,0.0913929554412134,0.103144305327603,0.101553761027206
vascular_plant,vascular_plant,north,,,Vicia.americana,Pine,5,0.0998247211617761,0.0888576317158279,0.106866967953181,0.100377545526554
vascular_plant,vascular_plant,north,,,Vicia.americana,Deciduous,5,0.223504144576426,0.209303224861102,0.229143320183743,0.225270102028411
vascular_plant,vascular_plant,north,,,Vicia.americana,Mixedwood,5,0.166020096402123,0.157521812078803,0.169401092615307,0.166442718248815
vascular_plant,vascular_plant,north,,,Vicia.americana,BlackSpruce,5,0.0152382225104409,0.0131815651592785,0.0156933953833105,0.0158904616319235
vascular_plant,vascular_plant,north,,,Vicia.americana,TreedFen,5,0.0148150262651934,0.0131140873613808,0.0159433848997332,0.0161609410518398
vascular_plant,vascular_plant,north,,,Vicia.americana,TreedSwamp,5,0.0626854739607867,0.0578234419599208,0.0726342763088379,0.0675081415730946
vascular_plant,vascular_plant,north,,,Vicia.americana,GraminoidFen,5,0.0172289489029456,0.0148633347804432,0.0179211695883927,0.0182945565459449
vascular_plant,vascular_plant,north,,,Vicia.americana,ShrubbyFen,5,0.0170030528799768,0.015145514732073,0.0178813511526892,0.0181281737827822
vascular_plant,vascular_plant,north,,,Vicia.americana,ShrubbyBog,5,0.0156367177151313,0.0136590554777173,0.0161282336201734,0.0163927557010309
vascular_plant,vascular_plant,north,,,Vicia.americana,ShrubbySwamp,5,0.0583505124998893,0.0530026160375959,0.0660615188685165,0.0634022552382413
vascular_plant,vascular_plant,north,,,Vicia.americana,Marsh,5,0.0557898212495504,0.0528857121313063,0.0648596355824789,0.0604419474510517
vascular_plant,vascular_plant,north,,,Vicia.americana,Shrub,5,0.164232328257922,0.152471445214372,0.189356863032936,0.172247590325508
vascular_plant,vascular_plant,north,,,Vicia.americana,Grass,5,0.189591812325837,0.180789380071826,0.195223068881098,0.193480328766703
vascular_plant,vascular_plant,north,,,Vicia.americana,CCWhiteSpruceR,5,0.138865647030093,0.133170222713371,0.144891610906666,0.147784161910856
vascular_plant,vascular_plant,north,,,Vicia.americana,CCWhiteSpruce1,5,0.167515719027838,0.160357501021988,0.176063584763535,0.177990441786736
vascular_plant,vascular_plant,north,,,Vicia.americana,CCWhiteSpruce2,5,0.156294302850796,0.144320379020152,0.170257316425211,0.164040271666844
vascular_plant,vascular_plant,north,,,Vicia.americana,CCWhiteSpruce3,5,0.156294302850796,0.144320379020152,0.170257316425211,0.164040271666844
vascular_plant,vascular_plant,north,,,Vicia.americana,CCWhiteSpruce4,5,0.156294302850796,0.144320379020152,0.170257316425211,0.164040271666844
vascular_plant,vascular_plant,north,,,Vicia.americana,CCPineR,5,0.140410555161451,0.131933181529334,0.146001243719552,0.146947892442068
vascular_plant,vascular_plant,north,,,Vicia.americana,CCPine1,5,0.144746387069471,0.135879363458001,0.156740570136221,0.155709937975558
vascular_plant,vascular_plant,north,,,Vicia.americana,CCPine2,5,0.140463102773397,0.132291852364442,0.154362590654316,0.15194678637839
vascular_plant,vascular_plant,north,,,Vicia.americana,CCPine3,5,0.140463102773397,0.132291852364442,0.154362590654316,0.15194678637839
vascular_plant,vascular_plant,north,,,Vicia.americana,CCPine4,5,0.140463102773397,0.132291852364442,0.154362590654316,0.15194678637839
vascular_plant,vascular_plant,north,,,Vicia.americana,CCDeciduousR,5,0.186268009445281,0.179873753389021,0.193726144287162,0.194965312502246
vascular_plant,vascular_plant,north,,,Vicia.americana,CCDeciduous1,5,0.226880224259965,0.213353736860118,0.232208272227364,0.232880630175656
vascular_plant,vascular_plant,north,,,Vicia.americana,CCDeciduous2,5,0.190428075875072,0.18281204800814,0.201313954413402,0.199972978968214
vascular_plant,vascular_plant,north,,,Vicia.americana,CCDeciduous3,5,0.190428075875072,0.18281204800814,0.201313954413402,0.199972978968214
vascular_plant,vascular_plant,north,,,Vicia.americana,CCDeciduous4,5,0.190428075875072,0.18281204800814,0.201313954413402,0.199972978968214
vascular_plant,vascular_plant,north,,,Vicia.americana,CCMixedwoodR,5,0.186268009445281,0.179873753389021,0.193726144287162,0.194965312502246
vascular_plant,vascular_plant,north,,,Vicia.americana,CCMixedwood1,5,0.226880224259965,0.213353736860118,0.232208272227364,0.232880630175656
vascular_plant,vascular_plant,north,,,Vicia.americana,CCMixedwood2,5,0.190428075875072,0.18281204800814,0.201313954413402,0.199972978968214
vascular_plant,vascular_plant,north,,,Vicia.americana,CCMixedwood3,5,0.190428075875072,0.18281204800814,0.201313954413402,0.199972978968214
vascular_plant,vascular_plant,north,,,Vicia.americana,CCMixedwood4,5,0.190428075875072,0.18281204800814,0.201313954413402,0.199972978968214
vascular_plant,vascular_plant,north,,,Vicia.americana,EnSeismic,5,0.265392025080583,0.214389458724113,0.29690478942424,0.265392025080583
vascular_plant,vascular_plant,north,,,Vicia.americana,EnSoftLin,5,0.298814173633524,0.236929158251934,0.340754085784134,0.298814173633524
vascular_plant,vascular_plant,north,,,Vicia.americana,TrSoftLin,5,0.227845819559914,0.184048162622374,0.253779885488772,0.227845819559914
vascular_plant,vascular_plant,north,,,Vicia.americana,HardLin,5,0.0748385066486699,0.0709465060040099,0.0759426399863492,0.074608145928891
vascular_plant,vascular_plant,north,,,Vicia.americana,UrbInd,5,0.0854741045400396,0.0784174133968789,0.093873670322466,0.0853653032495656
vascular_plant,vascular_plant,north,,,Vicia.americana,Wellsites,5,0.0737419729385725,0.0663486071752425,0.091252322788661,0.0843795108863626
vascular_plant,vascular_plant,north,,,Vicia.americana,Crop,5,0.036655361677642,0.0337129300431386,0.0375198866500137,0.0380361941275467
vascular_plant,vascular_plant,north,,,Vicia.americana,TameP,5,0.0748761999347293,0.0671002609890585,0.0846241909092322,0.0748761999347293
vascular_plant,vascular_plant,north,,,Vicia.americana,RoughP,5,0.0717382740038997,0.062013045721503,0.081268618052669,0.0717382740038997
vascular_plant,vascular_plant,south,,,Galium.boreale,Loamy,5,0.134365402417369,0.123106543128346,0.150976516544205,0.144796630860666
vascular_plant,vascular_plant,south,,,Galium.boreale,SandyLoam,5,0.091938282951146,0.0834941504262747,0.0993411400257454,0.0960115962056319
vascular_plant,vascular_plant,south,,,Galium.boreale,ClaySub,5,0.114046654257758,0.100318358261911,0.128310081890109,0.120945237158297
vascular_plant,vascular_plant,south,,,Galium.boreale,RapidDrain,5,0.05310323606415,0.0444694077828011,0.0592230385085375,0.0560393911252958
vascular_plant,vascular_plant,south,,,Galium.boreale,Blowout,5,0.0714452374990417,0.057084703882324,0.0762765469979775,0.0714452374990417
vascular_plant,vascular_plant,south,,,Galium.boreale,ThinBreak,5,0.0671197829074706,0.052166883497761,0.0686688886106393,0.0671197829074706
vascular_plant,vascular_plant,south,,,Galium.boreale,Other,5,0.0164649507555984,0.00993121036277023,0.0253623429302738,0.0228159947658059
vascular_plant,vascular_plant,south,,,Galium.boreale,EnSeismic,5,0.0415016553380274,0.0231540080687652,0.085101406270251,0.0229861380647585
vascular_plant,vascular_plant,south,,,Galium.boreale,EnSoftLin,5,0.0407276571975449,0.0286326189698712,0.107018561270878,0.0279355914860159
vascular_plant,vascular_plant,south,,,Galium.boreale,TrSoftLin,5,0.0226385168950732,0.00835865355823153,0.0475095701843972,0.010693670158572
vascular_plant,vascular_plant,south,,,Galium.boreale,HardLin,5,0.00673426222555851,0.00531954014393854,0.0106092249476061,0.00976625629745091
vascular_plant,vascular_plant,south,,,Galium.boreale,UrbInd,5,0.00985092254439493,0.00851868437300072,0.0111799736158844,0.00940783365535566
vascular_plant,vascular_plant,south,,,Galium.boreale,Wellsites,5,0.0119568557789859,0.0100635722829671,0.0139439952155709,0.0119372766800421
vascular_plant,vascular_plant,south,,,Galium.boreale,Crop,5,0.0035421828121118,0.0029236779346984,0.0044376576473726,0.00423757624145812
vascular_plant,vascular_plant,south,,,Galium.boreale,TameP,5,0.00753117359803952,0.00544538332822283,0.00848441500382163,0.00815694324953152
vascular_plant,vascular_plant,south,,,Galium.boreale,RoughP,5,0.0103140314496203,0.00799607214712183,0.0132882007874275,0.0115163243840628
vascular_plant,vascular_plant,south,,,Vicia.americana,Loamy,5,0.290256170393407,0.27517564488482,0.305591641737234,0.28326053160004
vascular_plant,vascular_plant,south,,,Vicia.americana,SandyLoam,5,0.247694102021608,0.240243796194645,0.264898126840318,0.246992793299344
vascular_plant,vascular_plant,south,,,Vicia.americana,ClaySub,5,0.304804176654528,0.288824323211772,0.319488697106166,0.298730042472979
vascular_plant,vascular_plant,south,,,Vicia.americana,RapidDrain,5,0.161543641211127,0.14461304867818,0.187076574600276,0.161543641211127
vascular_plant,vascular_plant,south,,,Vicia.americana,Blowout,5,0.118486235053307,0.106602712514188,0.133493364719528,0.118464883887892
vascular_plant,vascular_plant,south,,,Vicia.americana,ThinBreak,5,0.178106045017269,0.168348667462815,0.19813445742055,0.178391738601418
vascular_plant,vascular_plant,south,,,Vicia.americana,Other,5,0.105690469757533,0.0622060495880062,0.119017839454214,0.105690469757533
vascular_plant,vascular_plant,south,,,Vicia.americana,EnSeismic,5,0.0980197206348814,0.0533787007453977,0.12395969266943,0.138807834520618
vascular_plant,vascular_plant,south,,,Vicia.americana,EnSoftLin,5,0.123299345466385,0.0671820694144946,0.170108003098189,0.184229861785201
vascular_plant,vascular_plant,south,,,Vicia.americana,TrSoftLin,5,0.061746168627948,0.0310306329082704,0.0818736395608765,0.0834557721649041
vascular_plant,vascular_plant,south,,,Vicia.americana,HardLin,5,0.0400414879581075,0.0377218470887579,0.0460915895820948,0.0366124257600541
vascular_plant,vascular_plant,south,,,Vicia.americana,UrbInd,5,0.0397873604916118,0.0333793697344656,0.0421853226025111,0.0305480068381504
vascular_plant,vascular_plant,south,,,Vicia.americana,Wellsites,5,0.0394794040260986,0.0345420466372147,0.0484006240004426,0.0313886488169569
vascular_plant,vascular_plant,south,,,Vicia.americana,Crop,5,0.0276163960433134,0.0254603950739441,0.0315801144177112,0.0267332266250596
vascular_plant,vascular_plant,south,,,Vicia.americana,TameP,5,0.0369597153253211,0.0340452379630624,0.0420353017354891,0.0362057249277776
vascular_plant,vascular_plant,south,,,Vicia.americana,RoughP,5,0.044197627974472,0.0423406929386505,0.0510202256161932,0.044197627974472
