taxon,region,season,part,metric,species,draws_baseline,draws_candidate,median_baseline,median_candidate,median_difference,share_better
bird,north,"","",oob_auc,2,5,5,0.729484461943779,0.769348946012837,0.0398644840690585,1
bird,north,"","",oob_calibration_slope,2,5,5,0.774212093974031,0.980942416621589,0.206730322647559,1
bird,north,"","",oob_deviance_explained,2,5,5,0.165570186112103,0.236027838272926,0.0704576521608235,1
bird,north,"","",oob_rmse,2,5,5,0.624644013968721,0.590479047469672,-0.0341649664990495,1
bird,north,"","",oob_spearman,2,5,5,0.3109374709378,0.362790682770683,0.051853211832883,1
bird,south,"","",oob_auc,2,5,5,0.702136429854496,0.744711576653555,0.0425751467990589,1
bird,south,"","",oob_calibration_slope,2,5,5,0.903072708091274,0.988410072114907,0.0853373640236331,0.5
bird,south,"","",oob_deviance_explained,2,5,5,0.150457127171694,0.212898482389737,0.0624413552180429,1
bird,south,"","",oob_rmse,2,5,5,0.686946466284977,0.664727643219661,-0.022218823065316,1
bird,south,"","",oob_spearman,2,5,5,0.291640797085428,0.352533436704584,0.0608926396191565,1
bryophyte,north,"","",oob_auc,2,4,4,0.64999737456798,0.681320193098614,0.0313228185306345,1
bryophyte,north,"","",oob_calibration_slope,2,4,4,0.770110822063579,0.707358689878709,-0.06275213218487,0
bryophyte,north,"","",oob_deviance_explained,2,4,4,-0.18848913667322,0.0536170209107999,0.242106157584019,1
bryophyte,north,"","",oob_rmse,2,4,4,0.477685026278507,0.472581758066048,-0.00510326821245896,1
bryophyte,north,"","",oob_spearman,2,4,4,0.256657246933472,0.310694841692671,0.054037594759199,1
bryophyte,south,"","",oob_auc,2,4,4,0.668840496946664,0.754044235208787,0.085203738262123,1
bryophyte,south,"","",oob_calibration_slope,2,4,4,0.859428373309233,0.746971129761266,-0.112457243547968,0
bryophyte,south,"","",oob_deviance_explained,2,4,4,0.0095574817283275,0.114484674469622,0.104927192741294,1
bryophyte,south,"","",oob_rmse,2,4,4,0.440793673928001,0.423472017554872,-0.0173216563731285,1
bryophyte,south,"","",oob_spearman,2,4,4,0.260684119461907,0.399183369633167,0.13849925017126,1
lichen,north,"","",oob_auc,2,4,4,0.802806546010246,0.826728262766536,0.02392171675629,1
lichen,north,"","",oob_calibration_slope,2,4,4,0.980606541125594,0.898785859245988,-0.081820681879606,0
lichen,north,"","",oob_deviance_explained,2,4,4,0.12872576435422,0.262930632644152,0.134204868289933,1
lichen,north,"","",oob_rmse,2,4,4,0.413025371860499,0.402576696699741,-0.010448675160758,1
lichen,north,"","",oob_spearman,2,4,4,0.509892978412699,0.550148292994419,0.0402553145817195,1
lichen,south,"","",oob_auc,2,4,4,0.79223256589659,0.859890666798608,0.0676581009020185,1
lichen,south,"","",oob_calibration_slope,2,4,4,0.991922312776069,0.789037211584084,-0.202885101191985,0
lichen,south,"","",oob_deviance_explained,2,4,4,0.114894473111837,0.226829452005767,0.11193497889393,1
lichen,south,"","",oob_rmse,2,4,4,0.323218486449386,0.303145973636455,-0.0200725128129305,1
lichen,south,"","",oob_spearman,2,4,4,0.367603610275592,0.44089952165737,0.073295911381779,1
mammal,north,summer,hurdle,oob_auc,2,4,4,0.703613262852787,0.726922473911036,0.0233092110582485,1
mammal,north,summer,hurdle,oob_calibration_slope,2,4,4,0.848546092009838,0.71608965082318,-0.132456441186657,0
mammal,north,summer,hurdle,oob_deviance_explained,2,4,4,0.128594332790676,0.129285991085928,0.000691658295252105,0.5
mammal,north,summer,hurdle,oob_rmse,2,4,4,0.389826626621835,0.390944915562518,0.00111828894068303,0.5
mammal,north,summer,hurdle,oob_spearman,2,4,4,0.289511245096673,0.333047638929966,0.043536393833294,1
mammal,north,winter,hurdle,oob_auc,2,4,4,0.740915617852812,0.767965958132812,0.0270503402800005,1
mammal,north,winter,hurdle,oob_calibration_slope,2,4,4,0.822223168277882,0.716700705992882,-0.105522462285,0
mammal,north,winter,hurdle,oob_deviance_explained,2,4,4,0.16408786923621,0.170803540529399,0.0067156712931891,1
mammal,north,winter,hurdle,oob_rmse,2,4,4,0.320617152941719,0.320865029966542,0.000247877024823012,0.5
mammal,north,winter,hurdle,oob_spearman,2,4,4,0.317877730167646,0.353818361682336,0.0359406315146905,1
mammal,south,summer,hurdle,oob_auc,2,4,4,0.659879682564245,0.683558804148912,0.023679121584667,1
mammal,south,summer,hurdle,oob_calibration_slope,2,4,4,0.651781981508862,0.56698576847298,-0.0847962130358825,0
mammal,south,summer,hurdle,oob_deviance_explained,2,4,4,0.0445614263041746,0.0172117111003372,-0.0273497152038374,0
mammal,south,summer,hurdle,oob_rmse,2,4,4,0.39442267626108,0.391115654795445,-0.003307021465635,0.5
mammal,south,summer,hurdle,oob_spearman,2,4,4,0.20556454395683,0.242710772658295,0.037146228701465,1
mammal,south,winter,hurdle,oob_auc,2,4,4,0.709985275949603,0.725345752575603,0.015360476626,1
mammal,south,winter,hurdle,oob_calibration_slope,2,4,4,0.709081739397214,0.533347641577976,-0.175734097819239,0
mammal,south,winter,hurdle,oob_deviance_explained,2,4,4,0.0944228998286284,0.0548525634368907,-0.0395703363917378,0
mammal,south,winter,hurdle,oob_rmse,2,4,4,0.32499707220521,0.328686168782769,0.00368909657755902,0
mammal,south,winter,hurdle,oob_spearman,2,4,4,0.246748276299786,0.261544559789032,0.0147962834892455,1
mite,north,"","",oob_auc,2,4,4,0.715543903851094,0.73913990130773,0.023595997456637,1
mite,north,"","",oob_calibration_slope,2,4,4,0.91133114539273,0.729109464995533,-0.182221680397197,0
mite,north,"","",oob_deviance_explained,2,4,4,0.0149187218448,0.101320869461578,0.0864021476167777,1
mite,north,"","",oob_rmse,2,4,4,0.328141122068562,0.326470551976542,-0.00167057009202054,0.5
mite,north,"","",oob_spearman,2,4,4,0.271890083460792,0.299684150078939,0.0277940666181475,1
mite,south,"","",oob_auc,2,4,4,0.773632058303039,0.811148950748457,0.0375168924454185,1
mite,south,"","",oob_calibration_slope,2,4,4,0.614282370199175,0.68500389956616,0.0707215293669846,0.5
mite,south,"","",oob_deviance_explained,2,4,4,0.0865130411560292,0.152698132467715,0.0661850913116854,0.5
mite,south,"","",oob_rmse,2,4,4,0.246446874946777,0.230070074903374,-0.016376800043403,1
mite,south,"","",oob_spearman,2,4,4,0.230646626561677,0.26964857560987,0.0390019490481925,1
vascular_plant,north,"","",oob_auc,2,4,4,0.827954669352313,0.86852429313465,0.040569623782337,1
vascular_plant,north,"","",oob_calibration_slope,2,4,4,0.975256964203091,0.958160650530104,-0.017096313672988,0
vascular_plant,north,"","",oob_deviance_explained,2,4,4,0.178982880150698,0.339549650190438,0.160566770039741,1
vascular_plant,north,"","",oob_rmse,2,4,4,0.404515361388574,0.375953908899234,-0.0285614524893405,1
vascular_plant,north,"","",oob_spearman,2,4,4,0.555249895538886,0.624017960090769,0.0687680645518826,1
vascular_plant,south,"","",oob_auc,2,4,4,0.845681924077273,0.904991132348347,0.059309208271074,1
vascular_plant,south,"","",oob_calibration_slope,2,4,4,0.941201813094871,0.927675303215445,-0.0135265098794255,0
vascular_plant,south,"","",oob_deviance_explained,2,4,4,0.267977840506312,0.420544901894971,0.15256706138866,1
vascular_plant,south,"","",oob_rmse,2,4,4,0.351078283914618,0.310607470073221,-0.0404708138413975,1
vascular_plant,south,"","",oob_spearman,2,4,4,0.514530181328676,0.597196199607974,0.082666018279298,1
