taxon,run,region,season,part,species,metric,n,median,p10,p90,boot1,mean,sd
bird,bird,north,,,AMRO,insample_auc,5,0.751740281295548,0.748729848139245,0.752022814022201,0.748581694622527,0.750648483680412,0.00173091244575163
bird,bird,north,,,AMRO,insample_deviance_explained,5,0.191190989633939,0.190251890038755,0.194928603999058,0.191190989633939,0.192280588871852,0.00239124459846264
bird,bird,north,,,AMRO,insample_rmse,5,0.642541775981535,0.641083414132321,0.643420940690511,0.643506042942691,0.642397629501167,0.00134550527847958
bird,bird,north,,,AMRO,insample_spearman,5,0.385374770676258,0.381242278468797,0.38659237208208,0.380930969830349,0.384183814278661,0.00271095979285837
bird,bird,north,,,AMRO,insample_calibration_slope,5,1.08589957145208,1.08310192621792,1.09021157940199,1.09024810835911,1.08667181779307,0.00368628187241485
bird,bird,north,,,AMRO,insample_prevalence,5,0.251486631016043,0.251004373826971,0.252433263182893,0.250861017819325,0.251649276245993,0.000745639638422784
bird,bird,north,,,AMRO,insample_n,5,46747,46745.2,46750,46747,46747.6,2.50998007960223
bird,bird,north,,,AMRO,oob_auc,5,0.751837536078181,0.749980991530943,0.752193002137178,0.752193306467962,0.751281770799678,0.00116417482564863
bird,bird,north,,,AMRO,oob_deviance_explained,5,0.19506532949998,0.193175947371306,0.196246931283065,0.196037133851581,0.194799360802435,0.0015168467458848
bird,bird,north,,,AMRO,oob_rmse,5,0.642604598564083,0.641926501943516,0.643291716888183,0.642604598564083,0.642641892983815,0.000706719487871539
bird,bird,north,,,AMRO,oob_spearman,5,0.380533676681413,0.37790922288039,0.380928318902458,0.380973137935308,0.379704839415122,0.00160868603847367
bird,bird,north,,,AMRO,oob_calibration_slope,5,1.08396500531425,1.06486533991524,1.08850856529205,1.08700414220795,1.0781206536837,0.0121020437956378
bird,bird,north,,,AMRO,oob_prevalence,5,0.241010939026539,0.240656718532255,0.241191818078906,0.241245385459292,0.240950250724789,0.000279167052473422
bird,bird,north,,,AMRO,oob_n,5,124877,124874,124878.8,124877,124876.4,2.50998007960223
bird,bird,north,,,YEWA,insample_auc,5,0.810652011115167,0.806905535915858,0.812061598522145,0.810652011115167,0.809920788969429,0.00298158641518445
bird,bird,north,,,YEWA,insample_deviance_explained,5,0.314909273242783,0.309871591670546,0.319492805728457,0.31433273616762,0.314995319620847,0.00513387705415809
bird,bird,north,,,YEWA,insample_rmse,5,0.497860576515493,0.493156373425077,0.499626705028419,0.49962409848944,0.496894111802444,0.00354200714107103
bird,bird,north,,,YEWA,insample_spearman,5,0.351308203222811,0.346096725958007,0.352294768113019,0.350436724901658,0.34985084765685,0.00381643530797194
bird,bird,north,,,YEWA,insample_calibration_slope,5,0.940448485992357,0.93822970227144,0.946840163927796,0.940448485992357,0.941932935374091,0.00487053160829021
bird,bird,north,,,YEWA,insample_prevalence,5,0.118296361263824,0.117706951871658,0.119214980837802,0.118296361263824,0.118418937588893,0.00074585019883292
bird,bird,north,,,YEWA,insample_n,5,46747,46745.2,46750,46747,46747.6,2.50998007960223
bird,bird,north,,,YEWA,oob_auc,5,0.767239583431115,0.764036842512678,0.768086586341435,0.767239583431115,0.766350786125575,0.00209862831085928
bird,bird,north,,,YEWA,oob_deviance_explained,5,0.230350378846768,0.224665925779611,0.231551778310879,0.227959760380667,0.22874856387184,0.00380105487185568
bird,bird,north,,,YEWA,oob_rmse,5,0.549584841168796,0.549414228967452,0.551458313386524,0.550162464024828,0.55017969127946,0.00123649457889191
bird,bird,north,,,YEWA,oob_spearman,5,0.319507711349023,0.316083429490712,0.320378488857948,0.319623833929528,0.318537008565272,0.00226374788033266
bird,bird,north,,,YEWA,oob_calibration_slope,5,0.889991578244066,0.876082723316741,0.916820195435995,0.892963322385412,0.894170469859029,0.0232833872561715
bird,bird,north,,,YEWA,oob_prevalence,5,0.13458843502006,0.134244406707603,0.134809487963868,0.13458843502006,0.134542639141448,0.000279456693593184
bird,bird,north,,,YEWA,oob_n,5,124877,124874,124878.8,124877,124876.4,2.50998007960223
bird,bird,south,,,AMRO,insample_auc,5,0.722457651450059,0.720375297518667,0.726600629615675,0.719209687405594,0.723173174223035,0.00352104706258787
bird,bird,south,,,AMRO,insample_deviance_explained,5,0.138527656609622,0.136691146222818,0.142417135845419,0.135600586309404,0.139234587345557,0.00331236105235091
bird,bird,south,,,AMRO,insample_rmse,5,0.723153001504509,0.721335031591462,0.727536148551106,0.728292130677616,0.724159617526551,0.00310303019322092
bird,bird,south,,,AMRO,insample_spearman,5,0.340977632563199,0.337015292025713,0.346671247584847,0.334834651737548,0.341554550754961,0.00544445726779651
bird,bird,south,,,AMRO,insample_calibration_slope,5,1.15022007411034,1.14276766077164,1.16236750302668,1.15022007411034,1.15156485355994,0.010905701466581
bird,bird,south,,,AMRO,insample_prevalence,5,0.258280375405076,0.256689533268802,0.259336584790035,0.256218172635832,0.2580593533773,0.00136065688529854
bird,bird,south,,,AMRO,insample_n,5,23761,23761,23761.6,23761,23761.2,0.447213595499958
bird,bird,south,,,AMRO,oob_auc,5,0.714059436464857,0.711480500190566,0.714962411335227,0.714448876140363,0.713392647100118,0.00175148482002703
bird,bird,south,,,AMRO,oob_deviance_explained,5,0.132856954481043,0.130598469407397,0.134794332682706,0.132856954481043,0.132776377523986,0.00207997237439086
bird,bird,south,,,AMRO,oob_rmse,5,0.721746467048822,0.720680130610468,0.723305061950612,0.721188075251643,0.721900682780814,0.00139074085657849
bird,bird,south,,,AMRO,oob_spearman,5,0.330248605915095,0.326193681128825,0.331484334016897,0.330591093630504,0.329111121655051,0.00267737137591811
bird,bird,south,,,AMRO,oob_calibration_slope,5,1.12678967221639,1.10327355597656,1.15730924321681,1.14400371236361,1.12954040808678,0.0271419352715798
bird,bird,south,,,AMRO,oob_prevalence,5,0.259904818560381,0.259531587266211,0.260466983938132,0.260633551457466,0.259982926292237,0.000480821801997171
bird,bird,south,,,AMRO,oob_n,5,67240,67239.4,67240,67240,67239.8,0.447213595499958
bird,bird,south,,,YEWA,insample_auc,5,0.731707710515796,0.728700013949457,0.733719201164071,0.729660608631109,0.731334936728352,0.00248007478364079
bird,bird,south,,,YEWA,insample_deviance_explained,5,0.262640095914395,0.250569964296155,0.266480536201697,0.251335314102402,0.259283325711143,0.00804887140604942
bird,bird,south,,,YEWA,insample_rmse,5,0.596757323379492,0.591627562751247,0.60212670002895,0.604986782449959,0.596598484036104,0.00547958963785054
bird,bird,south,,,YEWA,insample_spearman,5,0.310870671271116,0.306715657634868,0.314188647985749,0.308461211669207,0.310573221086041,0.00371069473054041
bird,bird,south,,,YEWA,insample_calibration_slope,5,0.963186027281322,0.952262721063744,0.964499623104985,0.950131266698914,0.959505385451777,0.00644183692361723
bird,bird,south,,,YEWA,insample_prevalence,5,0.17124700138883,0.17077564075586,0.171722441305838,0.171625773326038,0.171262389740443,0.000478416642385765
bird,bird,south,,,YEWA,insample_n,5,23761,23761,23761.6,23761,23761.2,0.447213595499958
bird,bird,south,,,YEWA,oob_auc,5,0.724899078903474,0.722729775346807,0.727288181732548,0.722021476613265,0.724992280834132,0.00227531731608106
bird,bird,south,,,YEWA,oob_deviance_explained,5,0.221600750861936,0.219475584782023,0.225789364125433,0.218421768576217,0.222482702236073,0.00317537195719995
bird,bird,south,,,YEWA,oob_rmse,5,0.622650926841455,0.621699495926355,0.623907258037217,0.622650926841455,0.622779894995154,0.00114370759880926
bird,bird,south,,,YEWA,oob_spearman,5,0.304828063834361,0.302056249953096,0.307765081764427,0.300949548659939,0.304898251507847,0.00291835886538884
bird,bird,south,,,YEWA,oob_calibration_slope,5,0.916760518901893,0.891012316043227,0.957680972925801,0.921680221515519,0.920877884724876,0.0368442823890579
bird,bird,south,,,YEWA,oob_prevalence,5,0.175758477096966,0.175590501794327,0.1759250446163,0.175624628197501,0.175753050469217,0.000169045533323201
bird,bird,south,,,YEWA,oob_n,5,67240,67239.4,67240,67240,67239.8,0.447213595499958
bryophyte,bryophyte,north,,,Bryum.All,insample_auc,5,0.686293255534428,0.665800073960684,0.699683279591766,0.661241066989767,0.68307757480868,0.0175629521500816
bryophyte,bryophyte,north,,,Bryum.All,insample_deviance_explained,5,0.0734038482438816,0.0540739919142967,0.0836319939259369,0.0522782686686087,0.0693495889508644,0.0150314273449335
bryophyte,bryophyte,north,,,Bryum.All,insample_rmse,5,0.465559659863795,0.462031877723535,0.471529026088212,0.472600851904357,0.466651482063344,0.00489281173279605
bryophyte,bryophyte,north,,,Bryum.All,insample_spearman,5,0.316563440467368,0.281110209746659,0.33861190135575,0.27367992317064,0.310537684786552,0.029806308637125
bryophyte,bryophyte,north,,,Bryum.All,insample_calibration_slope,5,1.55293080862373,1.50462808553216,1.70248737696564,1.72087717642957,1.59166328355968,0.100269909956927
bryophyte,bryophyte,north,,,Bryum.All,insample_prevalence,5,0.398261429491307,0.395579807718977,0.401857219116663,0.400041220115416,0.3986710498744,0.00332558122320578
bryophyte,bryophyte,north,,,Bryum.All,insample_n,5,3097,3072.4,4153.6,4852,3440.8,789.041633882522
bryophyte,bryophyte,north,,,Bryum.All,oob_auc,4,0.628064204051684,0.625138413790667,0.646280308937115,,0.633525030703261,0.0132070860232767
bryophyte,bryophyte,north,,,Bryum.All,oob_deviance_explained,4,0.036439016722082,0.0317561312930693,0.0440728530358992,,0.0374929277523693,0.0068635854360685
bryophyte,bryophyte,north,,,Bryum.All,oob_rmse,4,0.478431484595725,0.476961325866792,0.479086777965519,,0.478140461253175,0.00119501147163414
bryophyte,bryophyte,north,,,Bryum.All,oob_spearman,4,0.217634716993625,0.212132096434835,0.249146496410386,,0.226923702300043,0.0229954074379961
bryophyte,bryophyte,north,,,Bryum.All,oob_calibration_slope,4,0.96776722194435,0.94200366187995,1.3568526967472,,1.09752504863665,0.27853178520469
bryophyte,bryophyte,north,,,Bryum.All,oob_prevalence,4,0.403358051486104,0.397360409603543,0.408630979157295,,0.403099224982043,0.006528394280969
bryophyte,bryophyte,north,,,Bryum.All,oob_n,5,1755,698.4,1779.6,0,1411.2,789.041633882522
bryophyte,bryophyte,north,,,Ceratodon.purpureus,insample_auc,5,0.735613998678571,0.718222728085638,0.746101294127716,0.709292380007168,0.733731795207852,0.0150804186552806
bryophyte,bryophyte,north,,,Ceratodon.purpureus,insample_deviance_explained,5,0.12490667611225,0.104325275461427,0.135175042848528,0.0953376234923402,0.121570060412617,0.0163751607020792
bryophyte,bryophyte,north,,,Ceratodon.purpureus,insample_rmse,5,0.452991324433859,0.451258984328921,0.460870507073951,0.464032502395272,0.455137062107035,0.00535425625592767
bryophyte,bryophyte,north,,,Ceratodon.purpureus,insample_spearman,5,0.404307013373254,0.375204457000438,0.423722498955401,0.359990780271843,0.401905540174473,0.0260763622516296
bryophyte,bryophyte,north,,,Ceratodon.purpureus,insample_calibration_slope,5,1.31541945732773,1.26664784775092,1.33634930896402,1.3440848137311,1.30361261621168,0.0350786971646647
bryophyte,bryophyte,north,,,Ceratodon.purpureus,insample_prevalence,5,0.441055234954658,0.434155026365629,0.445516968426104,0.441055234954658,0.440040906513639,0.00592042164227121
bryophyte,bryophyte,north,,,Ceratodon.purpureus,insample_n,5,3068,3031.6,4152,4852,3417.8,802.273768734838
bryophyte,bryophyte,north,,,Ceratodon.purpureus,oob_auc,4,0.679894572383923,0.667299950817496,0.695755923530706,,0.681061261519765,0.0155469948161902
bryophyte,bryophyte,north,,,Ceratodon.purpureus,oob_deviance_explained,4,0.07450303377554,0.0646601702985125,0.0902453951194536,,0.0766099972994279,0.0140343604370956
bryophyte,bryophyte,north,,,Ceratodon.purpureus,oob_rmse,4,0.471841075766704,0.46640710015749,0.474078424869381,,0.470699423442941,0.00432285345077317
bryophyte,bryophyte,north,,,Ceratodon.purpureus,oob_spearman,4,0.309879840566642,0.287455251551771,0.337017143093863,,0.311562952535339,0.0271492996990131
bryophyte,bryophyte,north,,,Ceratodon.purpureus,oob_calibration_slope,4,0.98526068106201,0.904217179229263,1.10544136124084,,0.999238244757039,0.115788682744061
bryophyte,bryophyte,north,,,Ceratodon.purpureus,oob_prevalence,4,0.443665764352131,0.432608384046217,0.454192825112108,,0.443476364514296,0.0116999631210214
bryophyte,bryophyte,north,,,Ceratodon.purpureus,oob_n,5,1784,700,1820.4,0,1434.2,802.273768734838
bryophyte,bryophyte,south,,,Bryum.All,insample_auc,5,0.759638524978058,0.738336536329941,0.771587276369297,0.731612519122241,0.756480820968939,0.0168737687046497
bryophyte,bryophyte,south,,,Bryum.All,insample_deviance_explained,5,0.130776426233582,0.10969644283403,0.147363316849535,0.102374726573718,0.129595683177172,0.0189542536960939
bryophyte,bryophyte,south,,,Bryum.All,insample_rmse,5,0.441215418737585,0.435312258575529,0.446819603304355,0.45014802962199,0.440801099915064,0.00606679511585792
bryophyte,bryophyte,south,,,Bryum.All,insample_spearman,5,0.43469237225877,0.397994649236681,0.454435815679314,0.38752743127734,0.428799374742123,0.0284968826014846
bryophyte,bryophyte,south,,,Bryum.All,insample_calibration_slope,5,1.50578686836735,1.49163983954254,1.55558377160668,1.56596956813893,1.51918368602666,0.0327144075920258
bryophyte,bryophyte,south,,,Bryum.All,insample_prevalence,5,0.370562770562771,0.365528360602252,0.371569237798783,0.370562770562771,0.369235286484943,0.00385091464779508
bryophyte,bryophyte,south,,,Bryum.All,insample_n,5,1444,1429.8,1968,2310,1614.6,388.936113005722
bryophyte,bryophyte,south,,,Bryum.All,oob_auc,4,0.692003745675621,0.680380055385506,0.703976086037884,,0.692128263558531,0.01343490275736
bryophyte,bryophyte,south,,,Bryum.All,oob_deviance_explained,4,0.0783027482734894,0.0716373879344079,0.0915333603750256,,0.0806474810457946,0.0110392449625809
bryophyte,bryophyte,south,,,Bryum.All,oob_rmse,4,0.45863474562491,0.45604067899051,0.46061169737193,,0.458414347450846,0.00250844418690233
bryophyte,bryophyte,south,,,Bryum.All,oob_spearman,4,0.320939082483711,0.301815094565766,0.342841823640355,,0.321931494354675,0.0231435360059765
bryophyte,bryophyte,south,,,Bryum.All,oob_calibration_slope,4,1.09662904012228,0.993529866018111,1.27630326550145,,1.12397727272049,0.154913771982226
bryophyte,bryophyte,south,,,Bryum.All,oob_prevalence,4,0.3703593055487,0.368749240306309,0.380219211352906,,0.37330567717792,0.0072755089177001
bryophyte,bryophyte,south,,,Bryum.All,oob_n,5,866,342,880.2,0,695.4,388.936113005722
bryophyte,bryophyte,south,,,Ceratodon.purpureus,insample_auc,5,0.823147551216717,0.794203835429771,0.838336082555962,0.786377083624582,0.818061643861135,0.0221814728437685
bryophyte,bryophyte,south,,,Ceratodon.purpureus,insample_deviance_explained,5,0.225042105967546,0.178940106465417,0.252212316358221,0.164584891724021,0.218793167566273,0.0371268460820209
bryophyte,bryophyte,south,,,Ceratodon.purpureus,insample_rmse,5,0.370587371751454,0.36196274314068,0.380460190301878,0.386051104257128,0.370724878175682,0.00981894013326031
bryophyte,bryophyte,south,,,Ceratodon.purpureus,insample_spearman,5,0.48152153022619,0.432516252628978,0.502880609345115,0.423916836734411,0.470448834163866,0.0352951485472676
bryophyte,bryophyte,south,,,Ceratodon.purpureus,insample_calibration_slope,5,1.29145219413511,1.24692821558315,1.34705144837751,1.36205696748937,1.29527079227154,0.0495806136224783
bryophyte,bryophyte,south,,,Ceratodon.purpureus,insample_prevalence,5,0.23982683982684,0.231460603487586,0.246697056850865,0.23982683982684,0.239405392468179,0.00765174673579537
bryophyte,bryophyte,south,,,Ceratodon.purpureus,insample_n,5,1462,1452.8,1977.6,2310,1631.4,379.498089586759
bryophyte,bryophyte,south,,,Ceratodon.purpureus,oob_auc,4,0.744853794244395,0.739000361169365,0.748758050361756,,0.744157659616656,0.00538762517048332
bryophyte,bryophyte,south,,,Ceratodon.purpureus,oob_deviance_explained,4,0.118965259283552,0.115595923326165,0.123304867424306,,0.119311785063326,0.00442770121306163
bryophyte,bryophyte,south,,,Ceratodon.purpureus,oob_rmse,4,0.400341061423918,0.39253928664869,0.409042917617396,,0.400662519073293,0.00886215457460649
bryophyte,bryophyte,south,,,Ceratodon.purpureus,oob_spearman,4,0.360390263759665,0.348330519761875,0.376247023241453,,0.361746340718236,0.0150496475888219
bryophyte,bryophyte,south,,,Ceratodon.purpureus,oob_calibration_slope,4,0.878578076085833,0.817528482883878,0.935472134856519,,0.877093956646094,0.0633289046204762
bryophyte,bryophyte,south,,,Ceratodon.purpureus,oob_prevalence,4,0.238999572635154,0.227667581639544,0.255610993801512,,0.240885083410421,0.0151422609821477
bryophyte,bryophyte,south,,,Ceratodon.purpureus,oob_n,5,848,332.4,857.2,0,678.6,379.498089586759
lichen,lichen,north,,,Cladonia.chlorophaea,insample_auc,5,0.815376104342893,0.806408743486995,0.829192366991812,0.801446263932847,0.817422800660919,0.0117541725407816
lichen,lichen,north,,,Cladonia.chlorophaea,insample_deviance_explained,5,0.235256336112931,0.218486399077719,0.253159862238942,0.210892705603289,0.235879058660233,0.0178127519901138
lichen,lichen,north,,,Cladonia.chlorophaea,insample_rmse,5,0.414299254942218,0.408000062905618,0.419452093871422,0.422064990629647,0.413799314397516,0.00595401347945583
lichen,lichen,north,,,Cladonia.chlorophaea,insample_spearman,5,0.531716539881804,0.516357063924267,0.554895667802972,0.508116650782436,0.53509161754183,0.0197355600183397
lichen,lichen,north,,,Cladonia.chlorophaea,insample_calibration_slope,5,1.18690970286461,1.17728682203218,1.19602646436075,1.19367118382492,1.18706175198594,0.0097573778655505
lichen,lichen,north,,,Cladonia.chlorophaea,insample_prevalence,5,0.384787472035794,0.382719077877937,0.387875670039505,0.384787472035794,0.385092893007771,0.00278105998275642
lichen,lichen,north,,,Cladonia.chlorophaea,insample_n,5,3685,3644,4976.6,5811,4102.6,955.610956404331
lichen,lichen,north,,,Cladonia.chlorophaea,oob_auc,4,0.772594279582646,0.761956780012735,0.777979733363127,,0.770718548943564,0.00886647282464756
lichen,lichen,north,,,Cladonia.chlorophaea,oob_deviance_explained,4,0.183035722855659,0.169942245460023,0.189811598246844,,0.180779436425498,0.0111322833286256
lichen,lichen,north,,,Cladonia.chlorophaea,oob_rmse,4,0.431781940585943,0.428745826590577,0.436558683188472,,0.43240359365993,0.00429936332656117
lichen,lichen,north,,,Cladonia.chlorophaea,oob_spearman,4,0.459548984924136,0.442333376456973,0.467058185790501,,0.456082410780994,0.013851497043406
lichen,lichen,north,,,Cladonia.chlorophaea,oob_calibration_slope,4,1.01963260828438,0.967252467250619,1.0506427890174,,1.01200047960554,0.0482450962787272
lichen,lichen,north,,,Cladonia.chlorophaea,oob_prevalence,4,0.385212683681362,0.378550429000763,0.388624647224836,,0.384051865418103,0.00565743785692542
lichen,lichen,north,,,Cladonia.chlorophaea,oob_n,5,2126,834.4,2167,0,1708.4,955.610956404331
lichen,lichen,north,,,Physcia.adscendens,insample_auc,5,0.87986382101311,0.871189876670825,0.881324115281201,0.86548931140534,0.877518812853977,0.00676874818668662
lichen,lichen,north,,,Physcia.adscendens,insample_deviance_explained,5,0.361431267817238,0.342129041991733,0.366051325747558,0.329951414540256,0.356672956966753,0.0151676451256419
lichen,lichen,north,,,Physcia.adscendens,insample_rmse,5,0.365880641585659,0.363099981508384,0.372140135732855,0.37622420720278,0.366887887993744,0.0054064068105167
lichen,lichen,north,,,Physcia.adscendens,insample_spearman,5,0.641244299615411,0.624485568613088,0.642109429604184,0.615824694732003,0.635701141978883,0.0112764989620447
lichen,lichen,north,,,Physcia.adscendens,insample_calibration_slope,5,1.12508500469074,1.1209608311491,1.13852408174148,1.12752423275806,1.12808101707466,0.0103252165646239
lichen,lichen,north,,,Physcia.adscendens,insample_prevalence,5,0.382961350027218,0.378754207234193,0.387054085275807,0.384099122354156,0.382969715660275,0.00456567123234541
lichen,lichen,north,,,Physcia.adscendens,insample_n,5,3699,3673.4,4975,5811,4115.6,947.965083745177
lichen,lichen,north,,,Physcia.adscendens,oob_auc,4,0.856003334337641,0.852007093367877,0.865183268309771,,0.857854653267057,0.00738034558423486
lichen,lichen,north,,,Physcia.adscendens,oob_deviance_explained,4,0.313033628246285,0.305358149608293,0.331182817389373,,0.316774239140962,0.0145679637434759
lichen,lichen,north,,,Physcia.adscendens,oob_rmse,4,0.381942009544814,0.376585949453844,0.387388683261567,,0.381974371554022,0.00579919914131507
lichen,lichen,north,,,Physcia.adscendens,oob_spearman,4,0.600405554291497,0.594784028409698,0.614909642835288,,0.603577898099351,0.0116809529318417
lichen,lichen,north,,,Physcia.adscendens,oob_calibration_slope,4,1.06497910354526,1.04388551817711,1.08680446461778,,1.06524045201111,0.0236225750177993
lichen,lichen,north,,,Physcia.adscendens,oob_prevalence,4,0.386432660247333,0.378648004672367,0.394703317951312,,0.386606232436266,0.00923888826136022
lichen,lichen,north,,,Physcia.adscendens,oob_n,5,2112,836,2137.6,0,1695.4,947.965083745177
lichen,lichen,south,,,Cladonia.chlorophaea,insample_auc,5,0.895073823888345,0.885054972678555,0.912505531930283,0.880547483962199,0.89739469941863,0.0158211706487135
lichen,lichen,south,,,Cladonia.chlorophaea,insample_deviance_explained,5,0.287858557394288,0.261555579842225,0.33138105957702,0.250053679466143,0.294257546956107,0.0362440397559265
lichen,lichen,south,,,Cladonia.chlorophaea,insample_rmse,5,0.255403849344309,0.240395026711506,0.260690871678816,0.26261328351279,0.251621365864084,0.010257945984937
lichen,lichen,south,,,Cladonia.chlorophaea,insample_spearman,5,0.396635614172772,0.386400172422742,0.406301961239085,0.38439016948612,0.396212422390736,0.010010523859884
lichen,lichen,south,,,Cladonia.chlorophaea,insample_calibration_slope,5,1.50390376190998,1.44299525909841,1.5522457539243,1.51164139244749,1.49918808814396,0.0595338432590377
lichen,lichen,south,,,Cladonia.chlorophaea,insample_prevalence,5,0.0907849829351536,0.0854880550520455,0.0942546707117982,0.092924126172208,0.0900691492139895,0.00433337917377339
lichen,lichen,south,,,Cladonia.chlorophaea,insample_n,5,1482,1471.8,2004.4,2346,1653.4,387.296785424305
lichen,lichen,south,,,Cladonia.chlorophaea,oob_auc,4,0.842037571011741,0.816879244759755,0.849698072560503,,0.835788347903447,0.0192442467075879
lichen,lichen,south,,,Cladonia.chlorophaea,oob_deviance_explained,4,0.207749940162943,0.163009470288789,0.217109435251056,,0.195113877739357,0.032868723867473
lichen,lichen,south,,,Cladonia.chlorophaea,oob_rmse,4,0.279273385070431,0.267174689702332,0.290817607904244,,0.279075359165329,0.0128855810525773
lichen,lichen,south,,,Cladonia.chlorophaea,oob_spearman,4,0.345988121828092,0.336331866646148,0.365185084504574,,0.349395517361856,0.016744190341194
lichen,lichen,south,,,Cladonia.chlorophaea,oob_calibration_slope,4,1.14299961335438,1.06540128461577,1.24284860727251,,1.15094627948992,0.0991149034790211
lichen,lichen,south,,,Cladonia.chlorophaea,oob_prevalence,4,0.0997452652709462,0.0913286406440493,0.106312613843352,,0.0990848095371992,0.00808662138066247
lichen,lichen,south,,,Cladonia.chlorophaea,oob_n,5,864,341.6,874.2,0,692.6,387.296785424305
lichen,lichen,south,,,Physcia.adscendens,insample_auc,5,0.898871357029697,0.886200382437962,0.903437983597461,0.881318203299536,0.896085000631829,0.00919852367118239
lichen,lichen,south,,,Physcia.adscendens,insample_deviance_explained,5,0.373699047561297,0.341388570686875,0.388440078849794,0.331631552338401,0.367492535342302,0.024026318803441
lichen,lichen,south,,,Physcia.adscendens,insample_rmse,5,0.320644442407283,0.310586201524553,0.327242449222737,0.329726334532187,0.319146666602479,0.00827946600716445
lichen,lichen,south,,,Physcia.adscendens,insample_spearman,5,0.565897493706032,0.551126197259348,0.574711543243248,0.543740974860115,0.564187557612995,0.0126582674773541
lichen,lichen,south,,,Physcia.adscendens,insample_calibration_slope,5,1.17334993479259,1.15247324968426,1.20766461026711,1.17842325405417,1.17731780414909,0.0303991171485092
lichen,lichen,south,,,Physcia.adscendens,insample_prevalence,5,0.215686274509804,0.210370852380551,0.218705697782215,0.215686274509804,0.214933253293698,0.00478783760132252
lichen,lichen,south,,,Physcia.adscendens,insample_n,5,1487,1480.8,2014,2346,1662.2,382.531305908418
lichen,lichen,south,,,Physcia.adscendens,oob_auc,4,0.851047202152853,0.846405376941337,0.867340891167645,,0.855208582082595,0.0124964664063059
lichen,lichen,south,,,Physcia.adscendens,oob_deviance_explained,4,0.280028728991827,0.266399727053094,0.309248288520692,,0.285596785274017,0.0244176929799479
lichen,lichen,south,,,Physcia.adscendens,oob_rmse,4,0.346473164191985,0.342472926296628,0.347077228803126,,0.345260245161908,0.00296068154719772
lichen,lichen,south,,,Physcia.adscendens,oob_spearman,4,0.500475278816252,0.489682287766023,0.532656797548951,,0.508114038702848,0.0253990413096135
lichen,lichen,south,,,Physcia.adscendens,oob_calibration_slope,4,0.990441880317761,0.95495248678548,1.14980122597578,,1.0346811489341,0.122347688811475
lichen,lichen,south,,,Physcia.adscendens,oob_prevalence,4,0.21549434057534,0.209833885194357,0.226186106799465,,0.217291237305033,0.00944381193189753
lichen,lichen,south,,,Physcia.adscendens,oob_n,5,859,332,865.2,0,683.8,382.531305908418
mite,mite,north,,,Ceratozetes.gracilis,insample_auc,5,0.826182278028632,0.816521754811759,0.829455937159375,0.810417863230229,0.824044783777931,0.00795552173287048
mite,mite,north,,,Ceratozetes.gracilis,insample_deviance_explained,5,0.231267297848416,0.213201098763747,0.238324197836685,0.201445529059475,0.227699115159987,0.0153219192362521
mite,mite,north,,,Ceratozetes.gracilis,insample_rmse,5,0.352364410091925,0.349879967947193,0.356659764939223,0.358997802596467,0.353003173103352,0.0038204828240045
mite,mite,north,,,Ceratozetes.gracilis,insample_spearman,5,0.461401757448599,0.446250390127651,0.464642687155511,0.43677266997156,0.457396167887806,0.0117659480925826
mite,mite,north,,,Ceratozetes.gracilis,insample_calibration_slope,5,1.21678683407768,1.18937120711011,1.23621444478937,1.24294686598034,1.2129265803526,0.0234407640151893
mite,mite,north,,,Ceratozetes.gracilis,insample_prevalence,5,0.211169769380383,0.208505864577966,0.211369634473166,0.208369812642269,0.210190443530451,0.00151474200965215
mite,mite,north,,,Ceratozetes.gracilis,insample_n,5,3651,3606.6,4890.2,5711,4047.6,930.188045504779
mite,mite,north,,,Ceratozetes.gracilis,oob_auc,4,0.79426775302943,0.787956043932085,0.804223230874757,,0.795569099010852,0.00900575889899819
mite,mite,north,,,Ceratozetes.gracilis,oob_deviance_explained,4,0.181240697775308,0.173156276419376,0.200349686942691,,0.185178043422255,0.0152725036847127
mite,mite,north,,,Ceratozetes.gracilis,oob_rmse,4,0.362345634708091,0.35679591208279,0.365726663308442,,0.361571101127752,0.00488165927975959
mite,mite,north,,,Ceratozetes.gracilis,oob_spearman,4,0.411784338169553,0.402576511113279,0.424080827132331,,0.41288743170759,0.0116887396514023
mite,mite,north,,,Ceratozetes.gracilis,oob_calibration_slope,4,1.03416883570894,0.995383257319488,1.07370097484877,,1.03443546454836,0.0452258906146394
mite,mite,north,,,Ceratozetes.gracilis,oob_prevalence,4,0.203407429558746,0.203105380508127,0.206516438658429,,0.204409915290554,0.0022495255846381
mite,mite,north,,,Ceratozetes.gracilis,oob_n,5,2060,820.8,2104.4,0,1663.4,930.188045504779
mite,mite,north,,,Trhypochthonius.tectorum,insample_auc,5,0.731788486098831,0.721501432798366,0.737801366376397,0.719034144300359,0.730136069029822,0.00813913725778266
mite,mite,north,,,Trhypochthonius.tectorum,insample_deviance_explained,5,0.089499141646384,0.0821495255764537,0.0960602274910759,0.0779330791197977,0.0895245403852761,0.00737795356490991
mite,mite,north,,,Trhypochthonius.tectorum,insample_rmse,5,0.283410154150045,0.280940933784026,0.287680898441404,0.284893639283448,0.283967624826095,0.00353594946086111
mite,mite,north,,,Trhypochthonius.tectorum,insample_spearman,5,0.236608716108323,0.227773764176821,0.240562377561535,0.223150481665208,0.234902163775881,0.00721275854062407
mite,mite,north,,,Trhypochthonius.tectorum,insample_calibration_slope,5,1.54050924512857,1.50382184576707,1.56345024448917,1.52280871270927,1.53476818649162,0.0317387254550959
mite,mite,north,,,Trhypochthonius.tectorum,insample_prevalence,5,0.0956049728593941,0.0940001763114542,0.0987931854359719,0.0956049728593941,0.0960754727002272,0.00270898671716411
mite,mite,north,,,Trhypochthonius.tectorum,insample_n,5,3624,3599.2,4881,5711,4034.4,937.384819591186
mite,mite,north,,,Trhypochthonius.tectorum,oob_auc,4,0.665838582750602,0.644373925527224,0.667941841641007,,0.658923797631683,0.0154266815569887
mite,mite,north,,,Trhypochthonius.tectorum,oob_deviance_explained,4,0.0519284611125678,0.0429411996388765,0.0550247457278241,,0.0498245408059838,0.00699156135214757
mite,mite,north,,,Trhypochthonius.tectorum,oob_rmse,4,0.289249405182921,0.278984643806527,0.292884990099047,,0.286881842161397,0.00803889505487629
mite,mite,north,,,Trhypochthonius.tectorum,oob_spearman,4,0.16623095413497,0.147468104006897,0.170095199986913,,0.160910024036352,0.0139031946555173
mite,mite,north,,,Trhypochthonius.tectorum,oob_calibration_slope,4,1.07931316571659,1.03972983697462,1.10202080016984,,1.07328613204205,0.0341915886247604
mite,mite,north,,,Trhypochthonius.tectorum,oob_prevalence,4,0.0963264503316864,0.0893459374618542,0.0984905896614327,,0.0946063169245129,0.00535078906761863
mite,mite,north,,,Trhypochthonius.tectorum,oob_n,5,2087,830,2111.8,0,1676.6,937.384819591186
mite,mite,south,,,Ceratozetes.gracilis,insample_auc,5,0.942715600292339,0.932112922455432,0.953301387433802,0.926042685188307,0.943090227395079,0.0111389544465627
mite,mite,south,,,Ceratozetes.gracilis,insample_deviance_explained,5,0.427953599539456,0.413784649241568,0.480600172487078,0.405285180679334,0.443379656003744,0.0341181163398782
mite,mite,south,,,Ceratozetes.gracilis,insample_rmse,5,0.184823162519783,0.176047681018203,0.185141671619161,0.185304259029678,0.181569331289641,0.00488436751438256
mite,mite,south,,,Ceratozetes.gracilis,insample_spearman,5,0.35620257400788,0.340678404454552,0.379056424974169,0.34190797405616,0.358247165802908,0.0198680837526217
mite,mite,south,,,Ceratozetes.gracilis,insample_calibration_slope,5,1.25875319096791,1.18792873308144,1.26769206713498,1.22128545305663,1.23580508870431,0.0436191039746415
mite,mite,south,,,Ceratozetes.gracilis,insample_prevalence,5,0.056970509383378,0.0521775638545351,0.0622115928022082,0.0562843842573,0.0572190090351997,0.00535467847864499
mite,mite,south,,,Ceratozetes.gracilis,insample_n,5,1494,1479.4,2024.6,2363,1667.4,389.193139713433
mite,mite,south,,,Ceratozetes.gracilis,oob_auc,4,0.899513670078415,0.885097180565786,0.904114554742769,,0.896008096918317,0.0111850562409658
mite,mite,south,,,Ceratozetes.gracilis,oob_deviance_explained,4,0.330461644197965,0.273903739632069,0.353307724359802,,0.318421706910801,0.0447811919440956
mite,mite,south,,,Ceratozetes.gracilis,oob_rmse,4,0.19006583026612,0.186341206112452,0.212559607487313,,0.196769099218808,0.0163471621353765
mite,mite,south,,,Ceratozetes.gracilis,oob_spearman,4,0.314444039218996,0.278883116159444,0.344185767138818,,0.312365755240521,0.0361037411808717
mite,mite,south,,,Ceratozetes.gracilis,oob_calibration_slope,4,1.06107071860598,0.803554353024927,1.27392143861765,,1.0451187023312,0.25286328994353
mite,mite,south,,,Ceratozetes.gracilis,oob_prevalence,4,0.0533392883804503,0.0452752248602848,0.0645232647455575,,0.0544535429679295,0.0107814199736608
mite,mite,south,,,Ceratozetes.gracilis,oob_n,5,869,338.4,883.6,0,695.6,389.193139713433
mite,mite,south,,,Trhypochthonius.tectorum,insample_auc,5,0.837855511959389,0.805765764097379,0.84231766500586,0.786388392836218,0.828631832042505,0.0238300319446749
mite,mite,south,,,Trhypochthonius.tectorum,insample_deviance_explained,5,0.209230848054206,0.158595489219605,0.229031165924718,0.13149934388309,0.198880441235109,0.0400562446987762
mite,mite,south,,,Trhypochthonius.tectorum,insample_rmse,5,0.251247166617746,0.24633782963714,0.259093975322127,0.261989594963612,0.252389725672996,0.00667483988429221
mite,mite,south,,,Trhypochthonius.tectorum,insample_spearman,5,0.322695119515102,0.29322152947867,0.328515154391205,0.274559246907003,0.314784280029552,0.0228478751930695
mite,mite,south,,,Trhypochthonius.tectorum,insample_calibration_slope,5,1.44186841542906,1.38107930908262,1.69286838979393,1.7601996033358,1.51193828017518,0.163101488371433
mite,mite,south,,,Trhypochthonius.tectorum,insample_prevalence,5,0.0833685992382565,0.0807473443243282,0.0863035095821866,0.0833685992382565,0.083401335320589,0.00299510185415199
mite,mite,south,,,Trhypochthonius.tectorum,insample_n,5,1489,1484.4,2017.4,2363,1664.2,390.68875079787
mite,mite,south,,,Trhypochthonius.tectorum,oob_auc,4,0.709581235058518,0.700263968081739,0.720188804650318,,0.710042057421026,0.011106114271277
mite,mite,south,,,Trhypochthonius.tectorum,oob_deviance_explained,4,0.0756867710759595,0.0537734694408186,0.0971274171666329,,0.075517965524364,0.0237215881650346
mite,mite,south,,,Trhypochthonius.tectorum,oob_rmse,4,0.269720754580475,0.262049411388901,0.276021187676139,,0.269231143831936,0.00752532738911156
mite,mite,south,,,Trhypochthonius.tectorum,oob_spearman,4,0.195797695247362,0.19170761239436,0.214434288798715,,0.20099287763963,0.0138755383091438
mite,mite,south,,,Trhypochthonius.tectorum,oob_calibration_slope,4,0.806539758452825,0.607652989317457,0.986918071629174,,0.799929595610318,0.214213885655849
mite,mite,south,,,Trhypochthonius.tectorum,oob_prevalence,4,0.0842873358196854,0.0775201528145626,0.0881856815952926,,0.0832627510948584,0.00595703320150957
mite,mite,south,,,Trhypochthonius.tectorum,oob_n,5,874,345.6,878.6,0,698.8,390.68875079787
vascular_plant,vascular_plant,north,,,Galium.boreale,insample_auc,5,0.88074391437416,0.870230840102412,0.889917229276511,0.866574078302184,0.880444461635148,0.00984236243578891
vascular_plant,vascular_plant,north,,,Galium.boreale,insample_deviance_explained,5,0.366033789516191,0.340896204768951,0.387063961911437,0.333940767583082,0.364894595014137,0.0228902383131863
vascular_plant,vascular_plant,north,,,Galium.boreale,insample_rmse,5,0.368658494477631,0.361033107966769,0.377805347943015,0.380294274281245,0.369101499001343,0.00830529500422763
vascular_plant,vascular_plant,north,,,Galium.boreale,insample_spearman,5,0.649750548197459,0.632914011655006,0.665283576748038,0.626449726132344,0.649764465281971,0.0163034666515923
vascular_plant,vascular_plant,north,,,Galium.boreale,insample_calibration_slope,5,1.11607404452359,1.11062727390296,1.12573590395919,1.11607404452359,1.11761659226476,0.00852003589446049
vascular_plant,vascular_plant,north,,,Galium.boreale,insample_prevalence,5,0.418242653476869,0.411391418988775,0.421189975169674,0.418242653476869,0.416870814782784,0.00501851999449775
vascular_plant,vascular_plant,north,,,Galium.boreale,insample_n,5,4366,4320.2,5874.4,6874,4851.6,1130.83522230252
vascular_plant,vascular_plant,north,,,Galium.boreale,oob_auc,4,0.854194011002684,0.852836376582826,0.856365562566068,,0.854484695696801,0.00192352569739418
vascular_plant,vascular_plant,north,,,Galium.boreale,oob_deviance_explained,4,0.309213966420281,0.308762924652017,0.313755743334223,,0.310674943258023,0.00327836318990379
vascular_plant,vascular_plant,north,,,Galium.boreale,oob_rmse,4,0.389483536954601,0.387341624018246,0.39094551367838,,0.389240702592967,0.0019799573837795
vascular_plant,vascular_plant,north,,,Galium.boreale,oob_spearman,4,0.605437925396632,0.605207578609941,0.607856758412568,,0.606219527621362,0.00174298051123629
vascular_plant,vascular_plant,north,,,Galium.boreale,oob_calibration_slope,4,1.01719167926395,1.01054630230644,1.05282657723447,,1.02754507962574,0.0266664444355038
vascular_plant,vascular_plant,north,,,Galium.boreale,oob_prevalence,4,0.419241311741466,0.413108455574493,0.430771977433407,,0.421169100857526,0.00978800188867454
vascular_plant,vascular_plant,north,,,Galium.boreale,oob_n,5,2508,999.6,2553.8,0,2022.4,1130.83522230252
vascular_plant,vascular_plant,north,,,Vicia.americana,insample_auc,5,0.881757970386191,0.868733773176606,0.882173763868626,0.862677170473365,0.877303720450926,0.00837793542426503
vascular_plant,vascular_plant,north,,,Vicia.americana,insample_deviance_explained,5,0.363142598073144,0.333942993757039,0.365654455856863,0.319506008380831,0.353769821482049,0.0196047485097617
vascular_plant,vascular_plant,north,,,Vicia.americana,insample_rmse,5,0.366466023093134,0.365620628913175,0.375834932888311,0.381006138302117,0.369388868935656,0.00657216168154903
vascular_plant,vascular_plant,north,,,Vicia.americana,insample_spearman,5,0.641069730267089,0.618664226200737,0.642838911555516,0.609089248685926,0.633743976157725,0.0143625229671699
vascular_plant,vascular_plant,north,,,Vicia.americana,insample_calibration_slope,5,1.11310604804308,1.09708327815688,1.1187942896737,1.11244002667966,1.10966268491777,0.0133476761372488
vascular_plant,vascular_plant,north,,,Vicia.americana,insample_prevalence,5,0.377654931626418,0.37492184315556,0.38072781584232,0.377654931626418,0.377957278345016,0.00308047552556824
vascular_plant,vascular_plant,north,,,Vicia.americana,insample_n,5,4329,4315.8,5874,6874,4842.2,1136.06104589498
vascular_plant,vascular_plant,north,,,Vicia.americana,oob_auc,4,0.846692287097856,0.841593097515866,0.856729668658842,,0.848455927090355,0.00854263183105512
vascular_plant,vascular_plant,north,,,Vicia.americana,oob_deviance_explained,4,0.291501687724023,0.282642104291016,0.312749948065533,,0.295926215191346,0.0173811594692309
vascular_plant,vascular_plant,north,,,Vicia.americana,oob_rmse,4,0.390154939953334,0.384057871104944,0.393796023171734,,0.389277802228338,0.00572214548785396
vascular_plant,vascular_plant,north,,,Vicia.americana,oob_spearman,4,0.581484037896795,0.574690787450859,0.597964897183734,,0.584943898197153,0.0132029847944197
vascular_plant,vascular_plant,north,,,Vicia.americana,oob_calibration_slope,4,1.01368863249399,1.00049931558218,1.04367662745386,,1.0196881603683,0.0241869209030404
vascular_plant,vascular_plant,north,,,Vicia.americana,oob_prevalence,4,0.375247544204322,0.372430611979277,0.382966913772923,,0.376998414684163,0.00599903919350225
vascular_plant,vascular_plant,north,,,Vicia.americana,oob_n,5,2545,1000,2558.2,0,2031.8,1136.06104589498
vascular_plant,vascular_plant,south,,,Galium.boreale,insample_auc,5,0.943960649050962,0.94037488755184,0.953667784494273,0.938366026022059,0.946326517919348,0.00690479709509673
vascular_plant,vascular_plant,south,,,Galium.boreale,insample_deviance_explained,5,0.539980665738958,0.514007725679396,0.570793158649015,0.507219536497198,0.541158084617766,0.0293385503108723
vascular_plant,vascular_plant,south,,,Galium.boreale,insample_rmse,5,0.265995836177662,0.257552096970539,0.276634861788926,0.277737776076124,0.267144244420744,0.00961165228723267
vascular_plant,vascular_plant,south,,,Galium.boreale,insample_spearman,5,0.640807188108982,0.634811703863048,0.656313927462278,0.63231197808786,0.644341202447442,0.0112139813302095
vascular_plant,vascular_plant,south,,,Galium.boreale,insample_calibration_slope,5,1.10742155745054,1.09687391571867,1.12220331399304,1.10996859334024,1.10858309586985,0.0136439671103682
vascular_plant,vascular_plant,south,,,Galium.boreale,insample_prevalence,5,0.222088835534214,0.217190546592102,0.228625506806496,0.222054380664653,0.222881775063893,0.00607679419012681
vascular_plant,vascular_plant,south,,,Galium.boreale,insample_n,5,1692,1666,2267.2,2648,1873.6,433.131388841769
vascular_plant,vascular_plant,south,,,Galium.boreale,oob_auc,4,0.91731096661857,0.91517450234187,0.923219533485924,,0.918658146115232,0.00464588817224989
vascular_plant,vascular_plant,south,,,Galium.boreale,oob_deviance_explained,4,0.456133338222218,0.436887020577346,0.466721499977668,,0.453041139690281,0.0164852708364197
vascular_plant,vascular_plant,south,,,Galium.boreale,oob_rmse,4,0.293625325159631,0.289095652529961,0.300739675613614,,0.2945484243826,0.00674971747803409
vascular_plant,vascular_plant,south,,,Galium.boreale,oob_spearman,4,0.599539540852002,0.593160431622561,0.611607278951094,,0.601571194019734,0.0105902203347522
vascular_plant,vascular_plant,south,,,Galium.boreale,oob_calibration_slope,4,1.01326709065303,0.998581835979821,1.04432711374091,,1.0191152222297,0.0254810730539049
vascular_plant,vascular_plant,south,,,Galium.boreale,oob_prevalence,4,0.218666030567013,0.210018355611084,0.23207994955219,,0.220368260577459,0.0121728164316861
vascular_plant,vascular_plant,south,,,Galium.boreale,oob_n,5,956,380.8,982,0,774.4,433.131388841769
vascular_plant,vascular_plant,south,,,Vicia.americana,insample_auc,5,0.879824378126777,0.864927662300972,0.884353155373554,0.860127236726313,0.876088454793656,0.0102086188258615
vascular_plant,vascular_plant,south,,,Vicia.americana,insample_deviance_explained,5,0.349160779018402,0.323379089314297,0.368399062432554,0.309561218127728,0.347852366898373,0.0240471001432219
vascular_plant,vascular_plant,south,,,Vicia.americana,insample_rmse,5,0.338681607339072,0.335417339645378,0.347191482469894,0.351945008361129,0.340392292809667,0.00678489045930976
vascular_plant,vascular_plant,south,,,Vicia.americana,insample_spearman,5,0.575132441938743,0.557119084277288,0.590747182044567,0.550545432101814,0.574666097531388,0.016886854089622
vascular_plant,vascular_plant,south,,,Vicia.americana,insample_calibration_slope,5,1.17670373526123,1.16179305211448,1.18513327894921,1.19013393137727,1.17379625326662,0.0119075535077798
vascular_plant,vascular_plant,south,,,Vicia.americana,insample_prevalence,5,0.264350453172205,0.25911663216011,0.270295509723619,0.264350453172205,0.264443478235907,0.00620048832939598
vascular_plant,vascular_plant,south,,,Vicia.americana,insample_n,5,1685,1649.4,2266.4,2648,1865.6,437.838212128635
vascular_plant,vascular_plant,south,,,Vicia.americana,oob_auc,4,0.836402373386276,0.830983973583734,0.851439412911307,,0.839837601858593,0.0116626937193136
vascular_plant,vascular_plant,south,,,Vicia.americana,oob_deviance_explained,4,0.272820636539873,0.261425006488755,0.294029649611213,,0.276325416189953,0.0179744147351422
vascular_plant,vascular_plant,south,,,Vicia.americana,oob_rmse,4,0.364147854936566,0.358309639843644,0.367346505676391,,0.363205153381889,0.00496976655195017
vascular_plant,vascular_plant,south,,,Vicia.americana,oob_spearman,4,0.518326341044929,0.498931183602572,0.538964636529514,,0.518770318917153,0.0214671251034815
vascular_plant,vascular_plant,south,,,Vicia.americana,oob_calibration_slope,4,1.02795293531395,0.97591680326038,1.09728108500476,,1.03412865589868,0.0683334106009871
vascular_plant,vascular_plant,south,,,Vicia.americana,oob_prevalence,4,0.266148052343275,0.252246321440467,0.273763588267456,,0.263902982708051,0.0122396324927964
vascular_plant,vascular_plant,south,,,Vicia.americana,oob_n,5,963,381.6,998.6,0,782.4,437.838212128635
