taxon,region,species,metric,n,median,p10,p90
bird,north,AMRO,auc,5,0.711205649649698,0.710846774671758,0.711415786708964
bird,north,YEWA,auc,5,0.717314321364365,0.717214255501431,0.717889715790149
bird,north,AMRO,calibration_slope,5,0.98124916756542,0.977443769263841,0.98695548494145
bird,north,YEWA,calibration_slope,5,0.924018416524034,0.919602805166761,0.940434651158709
bird,north,AMRO,deviance_explained,5,0.133450781021589,0.133098616315006,0.133726431626425
bird,north,YEWA,deviance_explained,5,0.14921869564737,0.148341386262331,0.150349762111551
bird,north,AMRO,n,5,171624,171624,171624
bird,north,YEWA,n,5,171624,171624,171624
bird,north,AMRO,prevalence,5,0.243864494476297,0.243864494476297,0.243864494476297
bird,north,YEWA,prevalence,5,0.13015079476064,0.13015079476064,0.13015079476064
bird,north,AMRO,rmse,5,0.659037826624706,0.658858172979942,0.65921647637886
bird,north,YEWA,rmse,5,0.578412074155777,0.5780847248294,0.578564558208933
bird,north,AMRO,spearman,5,0.320603612433785,0.320177971627332,0.320969765951139
bird,north,YEWA,spearman,5,0.256570879850695,0.256438832788709,0.257196250485043
bird,south,AMRO,auc,5,0.688852448915586,0.688429289296509,0.689214386156039
bird,south,YEWA,auc,5,0.699892842665317,0.699005380582771,0.700021494399284
bird,south,AMRO,calibration_slope,5,0.93545800475853,0.929904976159483,0.95472443157761
bird,south,YEWA,calibration_slope,5,0.837327825529454,0.822652540986187,0.846519973501557
bird,south,AMRO,deviance_explained,5,0.0956609971021379,0.0955441376241176,0.0959379552557988
bird,south,YEWA,deviance_explained,5,0.174250552633032,0.170464915584152,0.175622598359615
bird,south,AMRO,n,5,90807,90807,90807
bird,south,YEWA,n,5,90807,90807,90807
bird,south,AMRO,prevalence,5,0.259627561751847,0.259627561751847,0.259627561751847
bird,south,YEWA,prevalence,5,0.174700188311474,0.174700188311474,0.174700188311474
bird,south,AMRO,rmse,5,0.737238741085978,0.73696545360907,0.737331764894768
bird,south,YEWA,rmse,5,0.660398870376857,0.660217289958368,0.660778627305254
bird,south,AMRO,spearman,5,0.28958896751277,0.289191773981142,0.290239194036216
bird,south,YEWA,spearman,5,0.271662407756696,0.270416914195205,0.271742709017998
bryophyte,north,Bryum.All,auc,5,0.63695285395286,0.634212940274689,0.640245911199344
bryophyte,north,Ceratodon.purpureus,auc,5,0.68921089722383,0.686258150001378,0.689989058666226
bryophyte,north,Bryum.All,calibration_slope,5,0.878556370890093,0.850620979620908,0.961204733413854
bryophyte,north,Ceratodon.purpureus,calibration_slope,5,0.970808735096193,0.939604371013664,0.996528814795834
bryophyte,north,Bryum.All,deviance_explained,5,0.0423395576200274,0.0411843782385149,0.0459484582765256
bryophyte,north,Ceratodon.purpureus,deviance_explained,5,0.0807550434469074,0.0780555933648931,0.0816441021305078
bryophyte,north,Bryum.All,n,5,4852,4852,4852
bryophyte,north,Ceratodon.purpureus,n,5,4852,4852,4852
bryophyte,north,Bryum.All,prevalence,5,0.400041220115416,0.400041220115416,0.400041220115416
bryophyte,north,Ceratodon.purpureus,prevalence,5,0.441055234954658,0.441055234954658,0.441055234954658
bryophyte,north,Bryum.All,rmse,5,0.476265997088732,0.475201024926976,0.476707943684219
bryophyte,north,Ceratodon.purpureus,rmse,5,0.468995914430298,0.46863758174897,0.46976757773445
bryophyte,north,Bryum.All,spearman,5,0.232420730001038,0.227770861678911,0.238009330362928
bryophyte,north,Ceratodon.purpureus,spearman,5,0.325437643202915,0.320358992875305,0.326776058886008
bryophyte,south,Bryum.All,auc,5,0.667869573461544,0.663956423787425,0.672487674992608
bryophyte,south,Ceratodon.purpureus,auc,5,0.742515090088238,0.741632196574098,0.744346870554181
bryophyte,south,Bryum.All,calibration_slope,5,0.911174394819607,0.838853502666127,0.982335868527016
bryophyte,south,Ceratodon.purpureus,calibration_slope,5,0.917643984325131,0.890347949961515,0.957974669187409
bryophyte,south,Bryum.All,deviance_explained,5,0.0625296313456717,0.0581628074814862,0.0673946042473008
bryophyte,south,Ceratodon.purpureus,deviance_explained,5,0.127928560212806,0.126442043241415,0.131140090347938
bryophyte,south,Bryum.All,n,5,2310,2310,2310
bryophyte,south,Ceratodon.purpureus,n,5,2310,2310,2310
bryophyte,south,Bryum.All,prevalence,5,0.370562770562771,0.370562770562771,0.370562770562771
bryophyte,south,Ceratodon.purpureus,prevalence,5,0.23982683982684,0.23982683982684,0.23982683982684
bryophyte,south,Bryum.All,rmse,5,0.463242200728591,0.461860582369096,0.464928362437242
bryophyte,south,Ceratodon.purpureus,rmse,5,0.397743652936531,0.396682957261991,0.397974637695171
bryophyte,south,Bryum.All,spearman,5,0.28084724635104,0.274300554511368,0.288573421272726
bryophyte,south,Ceratodon.purpureus,spearman,5,0.358703050573637,0.35739711099172,0.361412406979272
lichen,north,Cladonia.chlorophaea,auc,5,0.766829253036766,0.765912806334989,0.770361484669177
lichen,north,Physcia.adscendens,auc,5,0.843379302902936,0.842745503189153,0.849392250793908
lichen,north,Cladonia.chlorophaea,calibration_slope,5,0.981189700400438,0.963677564785215,1.00228920147596
lichen,north,Physcia.adscendens,calibration_slope,5,1.00459210650434,0.999392229959502,1.02061041514434
lichen,north,Cladonia.chlorophaea,deviance_explained,5,0.184272538464329,0.182835227626246,0.189133415771519
lichen,north,Physcia.adscendens,deviance_explained,5,0.29199809338091,0.288744342033702,0.302983787968364
lichen,north,Cladonia.chlorophaea,n,5,5811,5811,5811
lichen,north,Physcia.adscendens,n,5,5811,5811,5811
lichen,north,Cladonia.chlorophaea,prevalence,5,0.384787472035794,0.384787472035794,0.384787472035794
lichen,north,Physcia.adscendens,prevalence,5,0.384099122354156,0.384099122354156,0.384099122354156
lichen,north,Cladonia.chlorophaea,rmse,5,0.432523744294426,0.431373851756946,0.433145385132384
lichen,north,Physcia.adscendens,rmse,5,0.389270487464212,0.386290753385878,0.390308167029794
lichen,north,Cladonia.chlorophaea,spearman,5,0.449725134074784,0.448180516641955,0.455678504353304
lichen,north,Physcia.adscendens,spearman,5,0.578551276011297,0.577483402583736,0.588682342867983
lichen,south,Cladonia.chlorophaea,auc,5,0.831938288956336,0.824738954611299,0.840855220045527
lichen,south,Physcia.adscendens,auc,5,0.844589920948617,0.841710130606633,0.84739409692387
lichen,south,Cladonia.chlorophaea,calibration_slope,5,0.881391108207955,0.836182749832496,0.973908665256338
lichen,south,Physcia.adscendens,calibration_slope,5,0.978651480877551,0.958320157132678,0.985025724069782
lichen,south,Cladonia.chlorophaea,deviance_explained,5,0.211165334983465,0.203457156417512,0.229410712363077
lichen,south,Physcia.adscendens,deviance_explained,5,0.275716853793279,0.269306804525321,0.281112891166513
lichen,south,Cladonia.chlorophaea,n,5,2346,2346,2346
lichen,south,Physcia.adscendens,n,5,2346,2346,2346
lichen,south,Cladonia.chlorophaea,prevalence,5,0.092924126172208,0.092924126172208,0.092924126172208
lichen,south,Physcia.adscendens,prevalence,5,0.215686274509804,0.215686274509804,0.215686274509804
lichen,south,Cladonia.chlorophaea,rmse,5,0.271399428571629,0.269546120816167,0.273541728830224
lichen,south,Physcia.adscendens,rmse,5,0.349075475331285,0.348437876406505,0.351950289628591
lichen,south,Cladonia.chlorophaea,spearman,5,0.333836969815414,0.326596483623109,0.342804905585125
lichen,south,Physcia.adscendens,spearman,5,0.490964162959104,0.486861100829901,0.494959491396716
mammal,north,Coyote_Summer,auc,5,0.81919373085364,0.81665861614537,0.82105530008568
mammal,north,Moose_Summer,auc,5,0.633839456842542,0.624713359693766,0.636414836882799
mammal,north,Coyote_Summer,calibration_slope,5,0.968695473706848,0.957684441608986,0.990796463909585
mammal,north,Moose_Summer,calibration_slope,5,0.857537751189584,0.811658076927984,0.916974440758242
mammal,north,Coyote_Summer,deviance_explained,5,0.269237797142771,0.268488332069348,0.272196311449231
mammal,north,Moose_Summer,deviance_explained,5,0.0434459304090117,0.03923780584349,0.0484028183520107
mammal,north,Coyote_Summer,n,5,4148,4148,4148
mammal,north,Moose_Summer,n,5,4148,4148,4148
mammal,north,Coyote_Summer,prevalence,5,0.225168756027001,0.225168756027001,0.225168756027001
mammal,north,Moose_Summer,prevalence,5,0.319672131147541,0.319672131147541,0.319672131147541
mammal,north,Coyote_Summer,rmse,5,0.328268607432859,0.328042940561423,0.328795432974877
mammal,north,Moose_Summer,rmse,5,0.438506364753953,0.437297198749133,0.439829596632864
mammal,north,Coyote_Summer,spearman,5,0.455819413459672,0.452488240915761,0.458978441685042
mammal,north,Moose_Summer,spearman,5,0.203767982006949,0.188502113212377,0.207335926221673
mite,north,Ceratozetes.gracilis,auc,5,0.803419151336713,0.803290266338785,0.806422985916331
mite,north,Trhypochthonius.tectorum,auc,5,0.691886606455822,0.687063143374857,0.697199344701765
mite,north,Ceratozetes.gracilis,calibration_slope,5,1.00001628151425,0.979217711638453,1.03511099902492
mite,north,Trhypochthonius.tectorum,calibration_slope,5,0.918331715358775,0.893167528993132,0.98566122021916
mite,north,Ceratozetes.gracilis,deviance_explained,5,0.201617442970153,0.201172102265594,0.206374833094318
mite,north,Trhypochthonius.tectorum,deviance_explained,5,0.0609210916189357,0.0566781478375439,0.0670544157534267
mite,north,Ceratozetes.gracilis,n,5,5711,5711,5711
mite,north,Trhypochthonius.tectorum,n,5,5711,5711,5711
mite,north,Ceratozetes.gracilis,prevalence,5,0.208369812642269,0.208369812642269,0.208369812642269
mite,north,Trhypochthonius.tectorum,prevalence,5,0.0956049728593941,0.0956049728593941,0.0956049728593941
mite,north,Ceratozetes.gracilis,rmse,5,0.358808466887193,0.357436110578338,0.359027308076429
mite,north,Trhypochthonius.tectorum,rmse,5,0.287970219715424,0.287274762508345,0.288115621439534
mite,north,Ceratozetes.gracilis,spearman,5,0.42688634337614,0.426705012071176,0.43111249704558
mite,north,Trhypochthonius.tectorum,spearman,5,0.195458545777394,0.190545294908665,0.200870180063025
mite,south,Ceratozetes.gracilis,auc,5,0.87790046866044,0.873664992076604,0.884582420176
mite,south,Trhypochthonius.tectorum,auc,5,0.733125225567258,0.728041115345136,0.745209068624004
mite,south,Ceratozetes.gracilis,calibration_slope,5,0.95990051439408,0.897870172562392,0.992228303374198
mite,south,Trhypochthonius.tectorum,calibration_slope,5,0.910863044897934,0.789829825126191,1.00940906636408
mite,south,Ceratozetes.gracilis,deviance_explained,5,0.293264712715424,0.276680379848293,0.308332416994242
mite,south,Trhypochthonius.tectorum,deviance_explained,5,0.0906236771969336,0.0834448783616376,0.109315648856586
mite,south,Ceratozetes.gracilis,n,5,2363,2363,2363
mite,south,Trhypochthonius.tectorum,n,5,2363,2363,2363
mite,south,Ceratozetes.gracilis,prevalence,5,0.0562843842573,0.0562843842573,0.0562843842573
mite,south,Trhypochthonius.tectorum,prevalence,5,0.0833685992382565,0.0833685992382565,0.0833685992382565
mite,south,Ceratozetes.gracilis,rmse,5,0.200372212516442,0.198976684930356,0.203349618322198
mite,south,Trhypochthonius.tectorum,rmse,5,0.26594531771931,0.265056148365707,0.267784970143122
mite,south,Ceratozetes.gracilis,spearman,5,0.301705355131635,0.298323866507856,0.307040041399195
mite,south,Trhypochthonius.tectorum,spearman,5,0.22324359418166,0.218374987464217,0.234815231480675
vascular_plant,north,Galium.boreale,auc,5,0.83177350859454,0.829893386390076,0.834798421344467
vascular_plant,north,Vicia.americana,auc,5,0.835014183722791,0.834156145931706,0.836373280070537
vascular_plant,north,Galium.boreale,calibration_slope,5,0.989340683134762,0.970564189518904,1.00209717518445
vascular_plant,north,Vicia.americana,calibration_slope,5,1.00293735530594,0.981320699617276,1.01083957550987
vascular_plant,north,Galium.boreale,deviance_explained,5,0.266986194787767,0.263746116968667,0.272856104946732
vascular_plant,north,Vicia.americana,deviance_explained,5,0.271030484605467,0.269333329279024,0.273481923235927
vascular_plant,north,Galium.boreale,n,5,6874,6874,6874
vascular_plant,north,Vicia.americana,n,5,6874,6874,6874
vascular_plant,north,Galium.boreale,prevalence,5,0.418242653476869,0.418242653476869,0.418242653476869
vascular_plant,north,Vicia.americana,prevalence,5,0.377654931626418,0.377654931626418,0.377654931626418
vascular_plant,north,Galium.boreale,rmse,5,0.403802589004468,0.401880485141886,0.405026041071688
vascular_plant,north,Vicia.americana,rmse,5,0.397752626368476,0.396477578108792,0.397930059170549
vascular_plant,north,Galium.boreale,spearman,5,0.566914391319756,0.563701752608947,0.572083178096358
vascular_plant,north,Vicia.americana,spearman,5,0.562622479866754,0.561181506515004,0.564904969060389
vascular_plant,south,Galium.boreale,auc,5,0.888404415164124,0.886542252823459,0.889933046033948
vascular_plant,south,Vicia.americana,auc,5,0.817594969199179,0.81465723085949,0.819525447345263
vascular_plant,south,Galium.boreale,calibration_slope,5,0.980348459958942,0.969120918858103,1.00860039113166
vascular_plant,south,Vicia.americana,calibration_slope,5,1.00808080178057,0.972996002658489,1.04364085300394
vascular_plant,south,Galium.boreale,deviance_explained,5,0.377175647104451,0.372720679741704,0.382035174155683
vascular_plant,south,Vicia.americana,deviance_explained,5,0.234546430474598,0.227278787193663,0.236668138410123
vascular_plant,south,Galium.boreale,n,5,2648,2648,2648
vascular_plant,south,Vicia.americana,n,5,2648,2648,2648
vascular_plant,south,Galium.boreale,prevalence,5,0.222054380664653,0.222054380664653,0.222054380664653
vascular_plant,south,Vicia.americana,prevalence,5,0.264350453172205,0.264350453172205,0.264350453172205
vascular_plant,south,Galium.boreale,rmse,5,0.319267770011793,0.318411139091267,0.321310385507773
vascular_plant,south,Vicia.americana,rmse,5,0.375850256313248,0.375170098856891,0.377269753837925
vascular_plant,south,Galium.boreale,spearman,5,0.559215937083171,0.556534816830668,0.561416805274766
vascular_plant,south,Vicia.americana,spearman,5,0.485165781143924,0.480678040568906,0.488114826401435
