taxon,region,stage,comparison,species,terms_compared,min_draws,in_band_pct,reachable_terms,reachable_in_band_pct,median_standardized_difference,median_absolute_difference,max_absolute_difference,negligible_terms,median_spearman,median_band_ratio,verdict,indicative_verdict
bird,north,climate,median,2,20,5,90,20,90,0.351,0,0.651,0,1,0.694,not gated (store holds 5 draws),
bryophyte,north,climate,median,1,19,5,94.7,19,94.7,0.671,0,1.81,5,0.991,0.214,not gated (store holds 5 draws),
lichen,north,climate,median,2,38,5,89.5,38,89.5,0.003,0,1.99,17,0.991,0.301,not gated (store holds 5 draws),
mite,north,climate,median,2,38,5,94.7,38,94.7,0.082,0,3.79,20,0.973,0.656,not gated (store holds 5 draws),
vascular_plant,north,climate,median,2,38,5,97.4,38,97.4,0,0,0.12,24,0.982,0.602,not gated (store holds 5 draws),
bird,south,climate,median,2,20,5,90,20,90,0.351,0,0.651,0,1,0.694,not gated (store holds 5 draws),
bryophyte,south,climate,median,1,19,5,94.7,19,94.7,0.671,0,1.81,5,0.991,0.214,not gated (store holds 5 draws),
lichen,south,climate,median,2,38,5,89.5,38,89.5,0.003,0,1.99,17,0.991,0.301,not gated (store holds 5 draws),
mite,south,climate,median,2,38,5,94.7,38,94.7,0.082,0,3.79,20,0.973,0.656,not gated (store holds 5 draws),
vascular_plant,south,climate,median,2,38,5,97.4,38,97.4,0,0,0.12,24,0.982,0.602,not gated (store holds 5 draws),
bird,north,habitat,median,2,178,5,92.7,168,92.3,0.569,0.023,2.82,0,0.989,0.699,not gated (store holds 5 draws),
bryophyte,north,habitat,median,1,94,5,98.9,94,98.9,0.36,0.062,0.256,0,0.987,0.502,not gated (store holds 5 draws),
lichen,north,habitat,median,2,188,5,94.7,188,94.7,0.251,0.038,0.289,0,0.996,0.642,not gated (store holds 5 draws),
mammal,north,habitat,iteration 1,2,448,4,100,436,100,0,0,9.77e-15,0,1,,not gated (trial run),
mite,north,habitat,median,1,94,5,76.6,94,76.6,0.579,0.078,0.673,0,0.993,0.642,not gated (store holds 5 draws),
vascular_plant,north,habitat,median,2,188,5,91.5,188,91.5,0.303,0.034,0.326,0,0.997,0.596,not gated (store holds 5 draws),
bird,south,habitat,median,2,46,5,80.4,40,77.5,0.334,0.021,0.121,0,0.995,0.508,not gated (store holds 5 draws),
bryophyte,south,habitat,median,1,19,5,100,19,100,0.399,0.066,0.267,0,0.991,0.633,not gated (store holds 5 draws),
lichen,south,habitat,median,2,40,5,87.5,40,87.5,0.337,0.048,0.655,1,0.985,0.554,not gated (store holds 5 draws),
mammal,south,habitat,iteration 1,2,126,5,100,120,100,0,0,5.33e-15,0,1,,not gated (trial run),
mite,south,habitat,median,2,40,5,95,40,95,0.175,0.03,0.754,1,0.992,0.581,not gated (store holds 5 draws),
vascular_plant,south,habitat,median,2,40,5,75,40,75,0.585,0.07,0.552,0,0.977,0.566,not gated (store holds 5 draws),
